はまなすアート＆ミュージック・プロダクション,http://www.hamanasuart.com
石狩たんぽぽ認定こども園,http://istanpopo.jp
ひとまちつなぎ石狩,https://blog.canpan.info/hitomachi3213/
くるくるネット,http://www.kuru2.net/
ミナミナの会,https://minaminanokai.wixsite.com/mysite
岩内美術振興協会,https://www.kidakinjiro.com/
ともに,https://www.npo-tomoni.com/
はこだて音の視覚化研究会,http://hakomimi.net/
げんき,https://skip-kagura.com/
室蘭文化センター,http://www.kujiran.net/culture/index.html
枝幸三笠山スポーツクラブ,http://www.emsc.npo-emsc.net
ＰＣＮＥＴ,http://www.pcnetjapan.jp/npopcnet/
山部まちおこしネットワーク,http://furano-yamabe-machinet.com
中空知成年後見センター,https://nakasora-kouken.org/
教育プラットフォーム北海道,http://blog.canpan.info/career_asunet/
ほっとらんど,http://npo-hotland.com/
運動発達支援協会Latenz,http://latenz.jp
NPOえびす,http://yebisu-npo.jimdo.com
東北海道スポーツコミッション,http://ehsc.jp
深川市公私連携保育会,https://www.f-koushi.org
オホーツク自然・文化ネットワーク,https://www.o-nature-culture.net/
ＮＰＯ法人ちえのわ,https://tunagarichienowa.wixsite.com/chienowa
特定非営利活動法人あおもりＮＰＯサポートセンター,http://www.a-nponet.jp
特定非営利活動法人わっしょい,http://wasshoi6doragon8.web.fc2.com/
特定非営利活動法人おおせっからんど,http://oosekka.com
特定非営利活動法人harappa,http://harappa-h.org
特定非営利活動法人おいらせサポートハウスＫの家,http://npoknoie.wixsite.com/knoie
特定非営利活動法人弘前キッズバドミントンクラブ,http://kidsbad-id.hp.infoseek.co.jp
特定非営利活動法人地域情報化モデル研究会,https://www.facebook.com/cimforum/
特定非営利活動法人あおもりラジオくらぶ,http://www.aoradi.com
特定非営利活動法人アセット,http://npo-asett.jp/
特定非営利活動法人日本人財発掘育成協会,https://www.jinzai-japan.com
特定非営利活動法人はちのへ未来ネット,http://www7.ocn.ne.jp/~hmn/index.htm
花巻文化村協議会,http://www13.plala.or.jp/hbmk/
さんりく・こすもす,http://cosumosu.wp.xdomain.jp/
ライフデザイン花巻,http://blog.canpan.info/kicco-de-cosel/
芸術工房,http://www.gkobo.jp/
いわて森林再生研究会,http://i-sinrinsaisei.org/
アットマークリアスＮＰＯサポートセンター,http://rias-iwate.net/
ちえのわ福祉会,http://chienowa-npo.sakura.ne.jp
シニアパワーいわて,http://blog.canpan.info/seniorpower/
紫波さぷり,https://sapurishiwa.web.fc2.com/
花巻少年少女創造活動支援協会,http://souzou-shien-npo.org
陸前高田まちづくり協働センター,https://rtmachikyodo.jimdo.com/
パワーアップ支援室,http://www.power-up-support.org/
くらしのサポーターズ,http://yorisoi.jp/mr/
紫波ing,http://shiwanews.com/
津波太郎,https://tunamitarou.web.fc2.com/kintei.html
ボランティアコネクトサポートネットワーク,https://npovcos.wixsite.com/
居場所創造プロジェクト,https://ibasho-house.jimdofree.com
きらりんきっず,http://kirarinkids.jp/index.html
点空社,https://tenkarasha.jimdo.com/
AnilloSportエンターテイメント,https://www.anillosportentertainment.com/
キツツキネットワーク岩手,https://www.kitsutsuki-iwate.net
日本ヨガ連盟,http://www.npo-yoga.com
ウィズ友,http://withyou-kuji.jimdo.com
女性と子の未来,https://jyoseitokonomirai.org/
きらきらぼし,https://kirakira-boshi.org/
古館まちづくりの会,https://furu-machi.com/top/
いしのまきＮＰＯセンター,http://ishinomakinpocenter.jimdo.com
財産管理サポートセンター,https://www.zai-miyagi.com
鬼首山学校協議会,http://oniyamagakko.blog.fc2.com/
防災・減災サポートセンター,http://bousai-support.or.jp/
プロジェクトＫ,http://blog.canpan.info/sspk
山元・あしたの響き,http://blog.canpan.info/asitano-hibiki/
応援のしっぽ,http://oennoshippo.org/
移動支援Ｒｅｒａ,http://www.npo-rera.org
ウィメンズアイ,https://womenseye.net/
ふうどばんく東北ＡＧＡＩＮ,http://www.foodbank.or.jp
Cloud JAPAN,http://cloud-japan.org
黒川スポーツクラブ,https://fc-kurokawa-taiwa.jimdo.com
特定非営利活動法人みやぎスマートアグリ,http://miyagi-smartagri.org/
あきたパートナーシップ,http://www2.akita-kenmin.jp/~partnership/
秋田新体操愛好会（NPO法人）,http://www.npo-akitarg.net/
あきたスギッチファンド,http://www2.akita-kenmin.jp/~akita-npo-fund/
能代観光協会,http://welcomenoshiro.com/
ゆざわサンマリッツスポーツクラブ,http://www.sunmaritz.or.jp/index.html
みさぽーと,http://misaport.web.fc2.com/
八峰町観光協会,http://www.happouta.jp/home/
草木谷を守る会,http://kusakidani.net/
秋田・空き家の相談窓口,https://akita-akiya.com/
みらいの学校,https://peraichi.com/landing_pages/view/npomiraisch
秋田キャリア支援ネットワーク,https://akita-csn.org/
リコリス,http://ricores.org/
特定非営利活動法人　パートナーシップオフィス,http://npo-po.net/
特定非営利活動法人　山形県青年海外協力協会,https://yamagatayoca.wordpress.com/
特定非営利活動法人　にこにこホーム,http://2525home.net
特定非営利活動法人　にこっと,http://www.npo-nicotto.com/
特定非営利活動法人　から・ころセンター,http://www.npo-karakoro.jp
特定非営利活動法人　らっふる,http://www3.ic-net.or.jp/~raffuru-hp/
特定非営利活動法人　みつば,http://space.geocities.jp/mituba331311/
特定非営利活動法人　しん,http://nposhin.jpn.org/
特定非営利活動法人　ベテスダ,http://betesuda.blogspot.com/
特定非営利活動法人　ロジェ,https://loger‐otm.com
特定非営利活動法人　プチユナイテッドアスリートクラブ,https://fcputi.wixsite.com/putiunited
特定非営利活動法人　やまがた絆の架け橋ネットワーク,http://kakehasi.jpn.org/
特定非営利活動法人　ささえ愛の会,https://sites.google.com/view/sasaeai1019
特定非営利活動法人　輝色,http://npo-kiiro.com
特定非営利活動法人ふくしまＮＰＯネットワークセンター,http://www.f-npo.jp/
NPO法人ＩＬセンター福島,https://s-plan21.wixsite.com/website
特定非営利活動法人会津喜多方シニアネットきてみっせ,http://kitanp.sakura.ne.jp/wp/
特定非営利活動法人福島市聴覚障害者福祉会,http://www14.ocn.ne.jp/~blossom/
NPO法人ペンギン村,http://www5.ocn.ne.jp/~penguinm
特定非営利活動法人りょうぜん里山がっこう,http://www.date-satoyama.com
特定非営利活動法人つくしの里福祉会,https://tsukushinosato.org/
特定非営利活動法人うつくしまＮＰＯネットワーク,http://www.utsukushima-npo.jp/
特定非営利活動法人みどりの杜福祉会いわきワイナリー,http://midorinomori-f.com/miraikobo/
特定非営利活動法人いいざかサポーターズクラブ,https://iizakasupporters.com/
特定非営利活動法人南茶和,http://www.sasayaka.net/
認定特定非営利活動法人パンダハウスを育てる会,http://pandahouse.org
特定非営利活動法人ちょぼら,https://chobora.wixsite.com/mysite
特定非営利活動法人福島農業復興ネットワーク,https://www.facebook.com/minerofarm/
NPO法人みらいと,http://www.miraito.info
特定非営利活動法人いわき放射能市民測定室,https://tarachineiwaki.org/
特定非営利活動法人コースター,http://costar-npo.org
特定非営利活動法人福島画像診断支援センター,http://www.npo-fts.jp
NPO法人ほほえみの間,http://hohoeminoma.jimdo.com
特定非営利活動法人プリム,https://www.npo-prim.com
特定非営利活動法人しんせい,https://www.shinsei28.org/
特定非営利活動法人ストリートふくしま,http://npostreetfukushima.wix.com/npostreetfukushima
特定非営利活動法人コロロの会,https://ko-wind.jimdo.com
特定非営利活動法人福島就労支援センター,http://npo-fssc.org
特定非営利活動法人ふくしま再生の会,http://www.fukushima-saisei.jp/
特定非営利活動法人グリーフサポートセンター福島れんげの会,https://www.kokorosasae.jp/
特定非営利活動法人POMｋ　Project,http://pomk.org
特定非営利活動法人こども緊急サポート郡山,http://kinsapokoriyama.wordpress.com
NPO法人日本予防医学総合研究所,https://akira4141.amebaownd.com
おおぞら,https://npoohzora.org
茨城NPOセンター・コモンズ,http://www.npocommons.org/
水戸こどもの劇場,http://www.mito-kodomo.jp/
やみぞの森,http://www.yamizo.or.jp
,https://oyakonohiroba.jimdo.com/
ワークスたんぽぽを支える会,http://www.net1.jway.ne.jp/w-tanpopo-n/index.html
介護支援いばらき,http://www.kaigo-ibaraki.or.jp/
子育て応援・ペンギンくらぶ,http://penguinclub.pupu.jp/
NGO　未来の子どもネットワーク,http://www.miranet.or.jp
Dance Association Seeds,http://das-dance.com/
ベル・サポート境,http://www.bell-support.net
水美研,http://suibiken.jp
茨城県中途失聴・難聴者協会,http://ibanancho.info/
明豊会,https://sakura-gakuen.org
自立支援ネットワーク,http://www.jiritusienn.jp/
フードバンク茨城,https://sites.google.com/site/fbibaraki/
SMSC,http://www.npo-smsc.jp/
新和会,http://www.ringokan.jp/
小美玉スポーツクラブ,http://omitama-sports.com/
エコレン,http://ecoren.or.jp
だいご,https://npodaigo.com/
ＩＬＡ,https://npo-ila.jimdofree.com/
子どものための救命教室,https://sites.google.com/site/kidsemt/
特定非営利活動法人ジェネシス農業研究会,https://genesis-agri.com/
チア・アート,https://www.cheerart.jp/
RAINBOW茨城,https://rainbowiba.mystrikingly.com/#home
特定非営利活動法人きなり,https://sites.google.com/view/kinari/
ふるさと空き家相談・サポート,https://www.e-support.or.jp/
つながる茨城,https://tsunagaruiba.hatenablog.jp/
水戸北辰館,http://www.mitohokushinkan.com
特定非営利活動法人心道学園,https://shindoh.life
日中人材技術協力機構,http://tsukuba-npo.com/
とちぎボランティアネットワーク,https://www.tochigivnet.com/
宇都宮子ども劇場,http://www.ukg.jp
おひさまクラブ,http://ohisama-club.life.coocan.jp
だいじょうぶ,http://www.npo-daijobu.com
日本樹木育成研究会,http://www.jumoku.net
みずほの,https://npomsznmrp.jimdo.com/
ＣＣＶ,http://ccv-npo.com
とちぎユースサポーターズネットワーク,http://tochigi-ysn.net
ま・わ・た,https://blog.canpan.info/mawata-moka/
トチギ環境未来基地,https://www.tochigi-cc.org/
エネルギーヒーリング協会,http://npoeha.org/
蔵の街遊覧船,http://www.k-yuransen.com./index.php
子育てほっとねっと,http://hottonetto.com/
かぬま市民活動サポーターズ,https://kanuma-flat.jimdo.org/
デックタイグループ,https://dtg2.jimdo.com
いちかい子育てネット　羽ばたき,https://www.i-habataki.org/
つみきの森,http://tsumikinomori.sakura.ne.jp/
栃木アニマルセラピー協会,http://アニマルセラピー.jp
エヌ．かんぱにぃ,http://n-company.link/
すくすく子育てやぎハウス,https://sites.google.com/view/yagihausu
ＲＥ－ＪＡＰＡＮ,http://www.re-japan.or.jp
くすりと地域医療を考える会・MEBiUS,https://npo-mebius.net/
国際交流サポート協会つなぐ会,https://www.npo-tsunagukai.org/
シェアハッピーエール,https://www.sharehappyyell.org/
レインボー,http://rainbow-kanuma.com/
特定非営利活動法人　高崎子ども劇場,http://www.takasaki-kodomo-gekijou.org/
特定非営利活動法人　エンパワメントぐんま,http://www.empowerment-gunma.org/
ＮＰＯ法人　ウィメンズウイルぐんま,https://will-gunma.jimdofree.com/
特定非営利活動法人　利根沼田地域ボランティアセンター,http://gottaku.net
ＮＰＯ法人　ステップＯｎｅミサト,http://stepone-m.org
特定非営利活動法人　群馬ダルク,https://gunmadarc.jp
特定非営利活動法人　きずな,http://kizuna-meiwa.jp
特定非営利活動法人　ぐんま郷土芸能助っ人塾,https://suketto19.jimdo.com
特定非営利活動法人　コミュニティきっず,http://comcco.com
特定非営利活動法人　元気のでるファーム,http://www.npo-gdf.com/
特定非営利活動法人　北関東医療相談会,http://npo-amigos.org/
特定非営利活動法人　Ａｎｎａｋａひだまりマルシェ,https://lunarumi0923.wixsite.com/annaka-hidamari
特定非営利活動法人　キッズバレイ,http://kids-valley.org
特定非営利活動法人　ぐんま子どもセーフネット活動委員会　,http://gkac.jp/
ＮＰＯ法人　しゅんらん,http://www.shunran.or.jp/index.html
特定非営利活動法人　チャウス,https://www.chaus.jp/
特定非営利活動法人市民立ぐんまＮＰＯセンター,https://sg-npo.jimdo.com/
ＮＰＯ法人 Ｆ－ｎｅｘｔ,https://f-next.jimdofree.com
特定非営利活動法人　よいおやさい,http://410831.com/
特定非営利活動法人埼玉老後安心センター,http://rougoansin.wix.com./ageo
特定非営利活動法人所沢市学童クラブの会,http://www.gakudon.com
特定非営利活動法人木の家だいすきの会,http://www.kinoie.org/
特定非営利活動法人暮らしネット・えん,http://www.npoenn.com/
特定非営利活動法人めぐみ,http://megumi-grace.com
特定非営利活動法人　なかよしねっと,https://nakayoshinet.jimdo.com/
ＮＰＯ法人イノセント,http://ictv.easymyweb.jp/member/innocent/
特定非営利活動法人くるみの木,https://kuruminoki-963.amebaownd.com/
特定非営利活動法人スノードロップ・共同墓地普及サポートセンター,https://www.snowdrop-npo.com/
特定非営利活動法人ケアサポートすずらん,http://caresapo-suzuran.org/
特定非営利活動法人萌友,http://www.ho-yu.info/
特定非営利活動法人きらりびとみやしろ,http://kirari.or.jp
特定非営利活動法人すぎとＳＯＨＯクラブ,http://www.sugito.com
特定非営利活動法人みどりの里,http://www17.plala.or.jp/Midorinosato/
特定非営利活動法人子ども大学かわごえ,http://www.cuk.or.jp/
特定非営利活動法人福祉倶楽部ちゃのみ,https://www.npo-cha.com
特定非営利活動法人学生航空連盟,http://www.nposaf.com/
特定非営利活動法人ワーカーズコレクティブこうさてん,http://kousaten.que.jp
ＮＰＯ法人じもとメディア,https://jimoto.jimdo.com/
特定非営利活動法人あい,http://www.npo-ai.or.jp/
特定非営利活動法人Nature Service,http://www.natureservice.jp/
特定非営利活動法人美えな塾,http://viennajuku.com
特定非営利活動法人女性就労サポートセンター,http://another-school.com
特定非営利活動法人音楽と演劇,https://www.on-en.com/
特定非営利活動法人Emotion In Motion,https://www.facebook.com/NPOEmotionInMotion/
特定非営利活動法人埼玉農業おうえんしたい,https://saitama-agri.jimdo.com/
特定非営利活動法人埼玉県視覚障害者社会参加推進協会,https://svsa-sunmate.blogspot.jp/
特定非営利活動法人地方創生若者に未来をつなぐ会,https://drummonster3.wixsite.com/tsunagukai
特定非営利活動法人親子ぐるみ支援ネットワーク,http://oyakogurumi.net/
特定非営利活動法人日本行動障害支援協会,https://www.behaviorsupport.jp/
特定非営利活動法人FPライフコンシェルジュ,https://sites.google.com/view/lifecon/
特定非営利活動法人健康支援ネットＳＡＩＬＩＮＧ　ＬＩＦＥ,https://www.sailinglife.or.jp
特定非営利活動法人納骨支援の会,https://www.n-shien.or.jp
ジャパンインディアクラブ,https://japan-india.club/
認定NPO法人たすけあいの会ふきのとう,http://fukinoto0233.sakura.ne.jp/
特定非営利活動法人フィリピン日系人支援の会,http://www.pns.gr.jp
特定非営利活動法人ならしの子ども劇場,http://www.gekijou.org/
特定非営利活動法人市川子ども文化ステーション,http://kodomobst.org/
認定NPO法人日本ブルキナファソ友好協会,http://jbfa.org
特定非営利活動法人千葉・在宅ケア市民ネットワーク ピュア（通称：ＮＰＯピュア）,http://www.npo-pure.npo-jp.net/
特定非営利活動法人快適アイティー空間（通称：快適ＩＴ空間）,http://www.kaiteki-it.or.jp
特定非営利活動法人八千代オイコス,https://yachiyo-oikos.jp/
特定非営利活動法人野田子ども劇場,https://nodakodomo.jimdo.com/
特定非営利活動法人子どもネット八千代,http://konet.ciao.jp/
特定非営利活動法人九十九里ライフセービングクラブ（英文：KUJUKURI LIFESAVING CLUB、略称：99ＬＳＣ）,http://www.kujukuri.org/
特定非営利活動法人自立支援ネット我孫子,http://www.jsnet-abiko.com/
特定非営利活動法人セカンドスペース,http://www.secondspace.jp
特定非営利活動法人NPOこどもすぺーす柏,http://kodomospace.sblo.jp/
NPO法人ちば里山トラスト,https://osatsuyama.jimdo.com
特定非営利活動法人CASE Japan,http://www.npocasejapan.com
特定非営利活動法人世界のともだち,http://ninoko5656.wix.com/sekaino-tomodachi
特定非営利活動法人ｉ‐net（アイネット）,https://npo-i.net/
特定非営利活動法人千葉なのはなSITA,https://www.chiba-nanohana-sita.com/
特定非営利活動法人小野川と佐原の町並みを考える会,http://www.sawara-machinami.com
特定非営利活動法人ちば地域生活支援舎,http://www.chibasha.com/
特定非営利活動法人子どもるーぷ袖ケ浦,https://kodomoloop.com/
特定非営利活動法人鎌ヶ谷たんぽぽクラブ,http://tanpopoclub.net
特定非営利活動法人いもむし,http://imomusi.org
特定非営利活動法人流山おやこ劇場,http://n-oyako.sakura.ne.jp/
ＮＰＯ法人ＮＥＣＳＴ,http://necst.org
特定非営利活動法人民間児童館おおきなかぶ,http://encouragestation.wixsite.com/npo-ookinakabu
特定非営利活動法人たけのこ,http://takegaku.life.coocan.jp
特定非営利活動法人まちづくりサポートひと・まち倶楽部,http://hitomati.net
特定非営利活動法人船橋行田子育てネットワーク・ジャングルクラブ,http://junglekids.kids.coocan.jp/
ＮＰＯ法人ラフト,https://www.nporaft.com/
ＮＰＯ法人ハートネットあびこ,https://wingabiko.jimdo.com/
ＮＰＯ法人コミュネット流山,https://sites.google.com/view/communet-nagareyama/%E3%83%9B%E3%83%BC%E3%83%A0
特定非営利活動法人手打職人集団むげん,http://www.udonmugen.info/
特定非営利活動法人禁煙並びに新生たばこ芳香産業振興協会（通称：ＮＰＯ法人禁煙＆ＳＴＳ協会）,http://www.npo-kinnen-sts.sakura.ne.jp/
特定非営利活動法人Ｇ２プロジェクト,https://chibadreamstar.jp/
特定非営利活動法人成田空港ボランティア・スカイレッツ,https://skylets.jimdo.com/
特定非営利活動法人南天の木,https://npo-nanten2.org/
ＮＰＯ法人発達わんぱく会,http://www.wanpaku.org/index.html
特定非営利活動法人ワーカーズコレクティブ風車,http://www.reuse-fuusha.net/
特定非営利活動法人ジョブファーム,http://sun.gmobb.jp/jobfarm/
特定非営利活動法人テクノ情報ファンド,http://asean-linkcenter.com/
特定非営利活動法人ニュースタート事務局,https://www.newstart-jimu.com/
特定非営利活動法人運転免許取得支援センター,http://www.for-dab.jp
特定非営利活動法人ＫｉＫｉ,https://www.npo-kiki.com
NPO法人たからばこ,https://takarabako1.wixsite.com/oursite
NPO法人清流保存会・ちょうせい,http://npo-seiryu-chosei.net
NPO法人地盤沈下とエネルギーを考える会,http://gas-energy.biz
特定非営利活動法人千葉アレルギーネットワーク,http://www.chiba-allergynet.jp/
特定非営利活動法人ホームスィートホーム,http://h-s-h.org
特定非営利活動法人星標,http://hoshishirube.wixsite.com/online-fundraising
特定非営利活動法人ＥＧＡＯ　ＰＬＡＮＥＴ,https://egaoplanet.com/
NPO法人Picup,http://k-ta1188.wixsite.com/picup
NPO法人Family1st,https://family1st.jp
NPO法人コアラ銚子,http://hp.kaipoke.biz/su2/
特定非営利活動法人フィリピン戦没者慰霊碑保存協会,http://npo-pwmemorial.gr.jp
特定非営利活動法人光と風と夢,http://hikayume.com
特定非営利活動法人富里市観光協会,https://tomisato-ta.jp/
特定非営利活動法人大網お助け隊,https://www.machisapootasuketai.com/
特定非営利活動法人環境・地理探訪クラブ,https://www.tanbouclub.jp
特定非営利活動法人橋梁を未来に生かす技術集団,https://g-syuudan.jimdo.com
特定非営利活動法人YYJ・ゆるくてやさしい日本語のなかまたち,https://www.yyjnpo.com/eventinfo
NPO法人成田スポーツアカデミー,https://npo-narita-sports.or.jp/
特定非営利活動法人　成田若ガエルWebサイト,https://sites.google.com/site/neodhamanpowakagae/
ＮＰＯ法人木の子クラブ我孫子,http://kinoko-abiko.life.coocan.jp/
特定非営利活動法人フリースタイル市川,https://fs-ichikawa.org
日本トラウマ・サバイバーズ・ユニオン,https://www.just.or.jp/
ＩＷＣ国際市民の会,http://www.npo-iwc.com/
農業とみどり研究所,https://ngo-agri.org
日本国際ボランティアセンター,http://www.ngo-jvc.net/
地球緑化センター,http://www.n-gec.org/
子ども未来研究所,http://www.cof.or.jp
南陽台地域福祉センター,http://hp.kaipoke.biz/ed5/index.html
ワールド・ビジョン・ジャパン,https://www.worldvision.jp/
アビリティクラブたすけあい昭島たすけあいワーカーズ大きなかぶ,https://ookinakabu.jimdo.com/
八王子子ども劇場,http://hiug.net/joycco/
北区精神障害者を守る家族会飛鳥会,http://www.npo-asukakai.com/index.html
東京労働安全衛生センター,http://www.toshc.org/
ヘルパーコール,http://www.helpercall.org
ＳＯＳ総合相談グループ,https://www.sos-sodan.jp/
リンク・オブりばてぃ,http://liberty-setagaya.jp
多摩子ども劇場,http://www.tama-kodomo.com/
カサ　デ　オリーバ,http://www.c-oliva.com/
アビリティクラブたすけあい江戸川たすけあいワーカーズもも,http://www.actmomo.org
全国犯罪非行協議会,https://nccdjapan.wixsite.com/nccdcriminology
アジア母子福祉協会,http://amcwa.org
トータルサポートたいとう,http://tomoni-ikiru.com
トリトン・アーツ・ネットワーク,http://www.triton-arts.net
生活習慣病予防学術委員会,http://www.ludpac.org/
東村山子育て支援ネットワークすずめ,http://members2.jcom.home.ne.jp/npo.suzume/
国際人をめざす会,http://cosmoclb.org
自然環境アカデミー,http://www.shizen-academy.org/
ケアサポート湧,http://caresupport-you.com/
ゆう,http://www.npoyuuyuu.jp/
ブックスタート,http://www.bookstart.or.jp/
ジャパンマック,https://japanmac.or.jp
確定拠出年金教育協会,https://www.npo401k.org/
いきいき市民協働ネット,http://i-can.be
工芸技能研究所,http://kougeiginou.com/
子どものいのちを守る会,http://kdm-mamorukai2002.net/
ぱれっと,https://www.npo-palette.or.jp/
れんげ舎,http://www.rengesha.com
国際ボランティア学生協会,https://www.ivusa.com/
モバイル・コミュニケーション・ファンド,http://www.mcfund.or.jp/
いたばし,http://www.e-htc.org/
認定ＮＰＯ法人東京フィルメックス,http://filmex.net/
ホロコースト教育資料センター,https://www.npokokoro.com/
江東子ども劇場,http://www.koto-kodomo.jp
ＥＦＥ総合研究所,http://www.eferi.org
アモールク,https://www.amorc.jp/
ワーカーズどんぐり,http://donguri.jp
日本ライフサポーター協会,http://j-lsa.or.jp
日本冒険遊び場づくり協会,http://bouken-asobiba.org
アトピッ子地球の子ネットワーク,http://www.atopicco.org
しなやかネット,https://www.shinayaka.or.jp
ＮＰＯ会計税務研究協会,http://www.j-inpact.com/
青い空―子ども・人権・非暴力,http://www.npo-aoisora.net/
聖地のこどもを支える会,http://seichi-no-kodomo.org
ライフデザイン研究室,https://npoldk.org/
フェアトレード・ラベル・ジャパン,https://www.fairtrade-jp.org/
全国教室ディベート連盟,http://nade.jp
日本サーバント・リーダーシップ協会,http://www.servantleader.jp/
Ｔｏｋｙｏ　Ｌｉｇｈｔｈｏｕｓｅ,https://www.tokyo-lighthouse.or.jp
経済活動支援チーム,http://npo-east.org/
コモンビート,https://commonbeat.org/
日本エステティック機構,http://esthe-npo.org/
東京養育家庭の会,https://tokyo-yoikukatei.jp/
未病リサーチスクエア協会,https://www.npo-mibyou.com
むさしむらやま子ども劇場,http://musashimurayama.org/
経営技術研究会,http://keigiken.jimdo.com/
アニマルライツセンター,http://www.arcj.org
ＮＰＯ法人教室ＩＣＴ実践会,https://kictj.jp
自立生活センター・小平,http://www.cilkodaira.net/
日本空手道明鏡塾,https://www.meikyojuku.org/
ナノフォトニクス工学推進機構,http://www.npeo.or.jp/index.html
生活の発見会,https://hakkenkai.jp
保育：子育てアドバイザー協会,https://www.hoikukosodate-adviser.com
聴覚障害教育支援大塚クラブ,http://www.rougakkou.com
ＧＡＤＡＧＯ,http://www.gadago.org/
ＣＲファクトリー,https://crfactory.com/
子育て支援おやこ,http://oyako.a.la9.jp/
薬物乱用防止教育協会,https://www.jp-kenko.org/
首都東京みなと創り研究会,http://tokyo-port.news.coocan.jp/
ぱお,http://www.npo-pao.org/
武蔵野の里,http://musashinonosato.com/
ネオ教育センター,http://npo-neo-kyoiku-center.org/
日本慢性疾患セルフマネジメント協会,http://www.j-cdsm.org/
自転車活用推進研究会,http://www.cyclists.jp/
けやき精神保健福祉会,http://keyakitei.com/
耕房,https://koubouhikano.wixsite.com/koubou
ユニコムかつしか,http://uck80.com
ぽぽらーと,http://www.popola-to.jp/
日本ロルフィング協会,https://rolfing.or.jp/
ステップ夢,http://hasunuma-kitchen.com/
チーズマスター会,http://www.cheesemasterkai.com/
ミュージックａｓパレット,https://map.aikotoba.jp/
ＫＰＳＺホッとライン,http://kpszhotline.webcrow.jp/
リビングインジャパン協会,https://livingin.org
リブ・フォー・ライフ美奈子基金,http://live-for-life.jp
ひとりとみんな,https://www.hitori-minna.jp/
村山たんぽぽ,https://mtanpopo.jimdo.com
タートル,http://www.turtle.gr.jp/
バディチーム,http://www.buddy-team.com/
子どもの夢と思い出作り舎,http://yumeomoide.web.fc2.com/
海苔のふるさと会,http://norinoyakata.web.fc2.com/
支援技術開発機構,https://www.atdo.jp/3
シーズ・市民活動を支える制度をつくる会,http://www.npoweb.jp/
クリエイティブスマイル,http://creativesmile.info/
あおぞらスクール,http://aozoraschool.org
国連の友Ａｓｉａ－Ｐａｃｉｆｉｃ,http://www.founap.org
全国ＬＤ親の会,http://www.jpald.net
足立さくら会,https://adachi-kyodo.genki365.net/G0000086/aboutus.html
東京湾岸コミュニティ,http://www.tokyowangan.org
ラ・メール,http://lamere.ciao.jp/
森と人のネットワーク,http://www.facebook.com/morijin.network
どろんこ会,http://www.onyx.dti.ne.jp/~doronko/
健康と病いの語りディペックス・ジャパン,https://www.dipex-j.org/
あそび環境Ｍｕｓｅｕｍアフタフ・バーバン,http://www.afutafu-barban.org/
日本ウイグル協会,https://uyghur-j.org/japan/
地雷廃絶日本キャンペーン,http://www.jcbl-ngo.org/
日本ダブルダッチ協会,http://jdda.jp/
日本医療開発機構,http://jmdo.org/
日本ファンドレイジング協会,https://jfra.jp
リサイクルネットワーク,http://www.recyclenetwork.jp
アデイアベバ・エチオピア協会,https://www.adeyabebaethiopia.webs.com
Ｉｎｓｅｋｉ　Ｐｒｏｊｅｃｔ,http://www.inseki-project.com/
パーソナルコンピュータ利用技術学会,http://jpcats.net/
東京バリアフリー協議会,http://www.t-bftc.org/
リトルワンズ,http://www.npolittleones.com
Ｓｈａｒｅｄ　Ｓｍｉｌｅ　Ｊａｐａｎ,https://sites.google.com/site/sharedsmilejapan/
日本スケートパーク協会,http://www.jspa.or.jp
健康寺子屋,http://www.kenkouterakoya.com/
メルケアみなとセンター,http://melcare.jp
あすみ会,http://asumi.temt.jp/
住宅保障協会,https://npo-jhk.com
シャンソネット,http://www.chanson.to/
子育てパレット,https://kosodatepalette.jimdo.com/
江戸まち通信,https://www.edomachi.net/
ＯＣ普及推進事業団,http://www.npo-loc.jp
暉望,http://www.npokibou.org
つ・む・ぎ,http://tumuginoiehinohara.wix.com/tumugi
たすけ場所,https://tasukebasyo.wixsite.com/tasukebasyo
クラブハウスこころのリカバリー,https://mind-recovery.org
臨床研究の倫理を考える会,https://www.hurecs.org/
ＪＩＭ―ＮＥＴ,https://www.jim-net.org
患者安全・質協会,http://www.psqglobal.org/
認定ＮＰＯ法人いきいきねっと,http://www.ikiikinet.or.jp/
さくら並木ネットワーク,http://sakuranamiki.jpn.org/
沖ヨガ協会,http://okiyoga.com/
ａｋｔａ,http://www.akta.jp/
Ｅｍｉ　Ｓｋａｔｅ　ｆｏｒ　Ｋｉｄｓ,https://www.facebook.com/%E5%AD%90%E4%BE%9B%E3%82%B9%E3%82%B1%E3%83%BC%E3%83%88%E6%95%99%E5%AE%A4-1635389366757739
ＣＨＡｒ,https://www.studiochar.jp/
沖縄・球美の里,https://www.kuminosato.com/
多文化子ども自立支援センター,http://tabunka-jiritsu.sakura.ne.jp
グローバル・ヒューマン・イノベーション協会,http://www.ghia.or.jp/
ガイドヘルプあいサポート,https://www.aisapo-taito.com
ハロハロ,http://www.npohalohalo.org
ソーシャルバリュージャパン,http://socialvaluejp.org/
まひろ,https://mahiro.or.jp/
スマイル・プラネット,https://smileplanet.net/
日本子どもチャレンジランキング連盟,http://www.challeran.jp
ＵＰＴＲＥＥ,http://uptreex2.com/
ウォーターエイドジャパン,http://www.wateraid.org/jp
世界ローカル,http://sekailocal.com/
Ｂ．Ｆ．Ｐ．Ｊａｐａｎ,http://www.bfpj.org/
山栄育林会,http://saneiikurinkai.suminosuke.net/
手のひら健康バレー協会,http://tenohiravolley.com/
山の自然学クラブ,http://www.shizen.or.jp/
結婚相談ＮＰＯ,https://bridal-npo.org/
Ｃｕｒｉｏｓｉｔｙ,http://www.curiosity.or.jp/
こうとう親子センター,https://www.kotooyako.com/
ＮＰＯ法人学修デザイナー協会,https://learning-designer.org/
仕事の引出し,http://sigotonohikidasi.sakura.ne.jp/hikidasitop.html
新生児臨床研究ネットワーク,http://nponrn.umin.jp
日本スコットランド交流協会,https://jpn-scot.org
近自然森づくり協会,https://www.kinshizenforestry.com/
ひの・Ｉ‐ＢＡＳＹＯ,https://clippers-i-i.com/
Ａｒｔ　Ｂｒｉｄｇｅ　Ｉｎｓｔｉｔｕｔｅ,http://a-b-i.info/
建築文化継承機構,https://www.facebook.com/JIA.KIT.Japan/
ウェルワークｄｏシャンホウ,http://www.t-hw.com/syanhou/
国際美容ボランティア協会,http://ibva-world.org/
日本点字技能師協会,http://ginousi.parallel.jp/
ユースコミュニティー,https://youthcommunity.jimdo.com/
全国福祉未来ネットワーク,http://mirai-net.org
アフォール,http://www.afolweb.org/blog/
キャリアサポート研究会,http://www.npo-career.org
ここからねっと,http://cocokaranet.org/
希望の会,https://npokibounokai.org/
ＨＯＮ．ｊｐ,https://www.aiajp.org/
ハーモニー,https://melody0622.wixsite.com/mysite
日本桜文化交流協会,http://www.apaid.or.jp/
外航利用運送事業者倶楽部,http://www.nvocc-club.or.jp/
プレシャスネット,https://www.preciousnet.net/
日亜経済発展促進センター,http://www7b.biglobe.ne.jp/~center/hp
おたまじゃくしクラブ,https://otamaclub.com/
ＮＰＯ法人小平こども劇場,http://kodaira-kogeki.org/
空き家活用プロジェクト,http://www.akikatu.jp/
東京臨海部活性化機構,http://www.rinkaibu.or.jp/
子どもと文化全国フォーラム,https://peraichi.com/landing_pages/view/cowj8
もっけだの,http://www.mokkedano.or.jp/
ＮＰＯ法人回復はどこにでもある,http://www.kaifukuwa.net
おいしい空気とおいしいごはん,https://www.stayhealthy.or.jp/
ＮＰＯ法人プログラミング教育研究所,http://J-CODE.ORG
リハビリテーション学術センター,http://rehaac.org/
シニアの再チャレンジを支援する会,https://senior-rechallenge.jimdo.com/
アジア中小企業協力機構,https://sites.google.com/site/icosasite2017sme/
未来を君に,https://miraiwokimini.org/
ロボットビジネス支援機構,http://robizy.co.jp/
日本空き家再生協会,http://www.akiyasaisei.or.jp
八王子共生社会推進会議,https://moyai802.com
Ｉｎｔｅｒｎａｔｉｏｎａｌ　Ａｎｔｉｑｕｅ　Ｉｎｓｔｉｔｕｔｅ,https://www.antique-institute.com/
しましま健康研究所,http://www.rism2.org/
マインドスポーツオリンピアド日本,https://www.mind-sports-olympic.org
童謡日本推進機構,https://www.doyo-nippon.jp/
丹田呼吸法普及会,https://www.tandenbreathing.com/
中浜万次郎国際協会,http://jmi.blog.jp/
全国こども食堂支援センター・むすびえ,https://musubie.org/
おとなのバンド倶楽部,https://lbcj.jimdofree.com/
ライツオン・チルドレン,http://lightson-children.com
ＮＰＯ法人Ｗｃｏ．ＦＰの会,https://www.fpnokai.org/
文化・芸術工房,http://bunkageijutsu.net/
フィールホーム,https://feel-home.or.jp
日本ヘルプマーク普及啓発協会,https://helpmark-japan.or.jp
森のライフスタイル研究所,https://moridukuri.or.jp/
有機農業参入促進協議会,http://yuki-hajimeru.net/
日本ジャンプロープ連合,https://jjru.sport/
えがおで相続を,https://egaode-souzoku.org/
空家危険住宅改善活用生活支援機構,https://www.akiya-kaizen.com/
ランドマーク,https://www.npo-landmark.com
Ｄｉｇｉｔａｌ　Ｇｏｖｅｒｎｍｅｎｔ　Ｌａｂｓ,https://www.dgl.jp/
ＳＥＡアジア教育支援協会,http://www.sea-asia.org
越境医療を考える会,https://msl.or.jp/
ＮＰＯ法人がん生存者の会,https://cancersurvivor.jimdofree.com/
ハローライフ,https://halo-life.org/
ＰａｒａＮｏｒｉ,https://peraichi.com/landing_pages/view/paranori
環境と未病対策研究会,https://npo-wat-eipsg.okomari.net/
生涯現役倶楽部,https://shougai-geneki.com/
あしたばの会,https://www.npo-ashitaba.or.jp
アビィフィールド日本協会,https://sites.google.com/site/abbeyfieldjapan/
ＯｐｅｎＰＥＴａｓｅ,https://openpetase.org
免疫・膠原病に関する支援・教育・研究のためのネットワーク,https://nposerla.com/
次世代技術者育成アカデメイア,https://xenapho.wixsite.com/npo-platon
バーチャルフォトウォーク,http://www.virtualphotowalks.org
Ｐｉｇｅｏｎ,https://soccer.pigeon-handicap.org/
Ａｄｏｖｏ,https://adovo.org
ＦｉｒｓｔＳｔｅｐ　,https://blog.goo.ne.jp/seagulls01
ＡＩ愛護団体,https://www.ai-aigodantai.org/
ピープルズ・ホープ・ジャパン,https://www.ph-japan.org
日中,http://npo.china.jp/
ドットジェイピー,http://www.dot-jp.or.jp/
プロフェッショナルイングリッシュコミュニケーション協会,https://www.ipec.or.jp
アイフォーム・ジャパン,http://ifoam-japan.org/
ＮＰＯ推進ネット,http://www.npo-suishin.net
日本芝草研究開発機構,http://www.shibakusa-rd.or.jp
コペルＮＰＯ,http://www.coper.org
生態工房,http://www.eco-works.gr.jp
１００万人のふるさと回帰・循環運動推進・支援センター,http://www.furusatokaiki.net/
環境リレーションズ研究所,http://www.env-r.com/
日本経営士協会,https://www.jmca.or.jp/
オープンソースソフトウェア協会,http://www.ossaj.org/
環境リサーチ研究所,http://www.npo-pcb.com/
集合住宅管理組合センター,http://npo-syujyu.jp
環境防災総合政策研究機構,http://www.npo-cemi.com
育て上げネット,https://www.sodateage.net/
モア・フィールド,https://npomore.wixsite.com/field
地球野外塾,https://yagaijuku.org
日本ナルコレプシー協会,http://narukokai.or.jp
健康麻将全国会,http://www.npo-mahjong.com/
ＭＰＩ,http://www.mpi-net.org/
日本合気道協会,http://aikido-kyokai.com/
ＴＭＡＴ,https://www.tmat.or.jp/
頭脳スポーツ財団,https://www.brain-sports.net/
東京英語いのちの電話,http://telljp.com/
日本不動産カウンセラー協会,https://www.jarec.jp
富士山測候所を活用する会,http://npo.fuji3776.net/
星槎教育研究所,https://edunpo.seisa.ac.jp/
新エネ研究会東日本,https://www.shineneken.jp/
海に学ぶ体験活動協議会,http://www.cnac.or.jp
日本ベトナム平和友好連絡会議,http://ifcc1985.org/jvpf
Ｓ．Ｏ．Ｂ．Ａ．,https://www.soba.or.jp/
日本アマチュア演奏家協会,http://apa-music.org
全国検定振興機構,http://www.zenken.or.jp
メディア・アクセス・サポートセンター,http://npo-masc.org/
エコロジーファースト,http://www.ecologyfirst.or.jp
みんなのわ,http://www.for-dab.jp/
全国自動ドア産業振興会,https://www.jadsa.or.jp
特定非営利活動法人　パパラギ海と自然の教室,http://umino-npo.com
特定非営利活動法人  大和市腎友会,http://www.yjin.or.jp
特定非営利活動法人　ＹＭＣＡコミュニティサポート,https://www.npo-ymca.org/
特定非営利活動法人　ＮＰＯサポートちがさき,http://sapochiga-mirai.com
特定非営利活動法人　ＱＯＬを考える会,http://www.qol.gr.jp
NPO法人　リンパ管腫と共に歩む会,https://www.npo-ilmn.org/
特定非営利活動法人　小田原まちづくり応援団,http://www.machien.net/
特定非営利活動法人　葉山環境文化デザイン集団,https://www.hayama-design.org/
特定非営利活動法人　大和子どもミニデイサービスワーカーズ・コレクティブもこもこ,http://mokomoko-hoiku.jp
特定非営利活動法人　日本カタン協会,https://www.catan.jp/
特定非営利活動法人　日本伝統文化協会,http://bunka-go.jp/
特定非営利活動法人　日本ボードゲーム協会,https://www.mind-sports.info/
特定非営利活動法人　日本ラインゲーム協会,https://www.line-game.org/
特定非営利活動法人　日本ブロックス協会,https://www.blokus.jp
特定非営利活動法人　日本マインドスポーツ協会,http://www.brain-sports.net/cube/
特定非営利活動法人　さんわーくかぐや,http://www.sunwork-kaguya.com/
特定非営利活動法人　ゆいの会,http://葬式相談ナビ.net/
特定非営利活動法人　井泉,https://npo-seisen.com
特定非営利活動法人　発達サポートネット　バオバブの樹,http://www.geocities.jp/baobab_chigasaki/
特定非営利活動法人　ＮＡＣ－Ｊ,http://nacj.blog133.fc2.com/ もしくは、https://www.facebook.com/nponacj/
ＮＰＯ法人　みんなの家ココ,http://coco-house.jpn.com/
特定非営利活動法人　ユーラシア青少年交流推進支援センター,http://www.eurasia.jp/
特定非営利活動法人　Ｗｏｏｄｃｒａｆｔ,https://www.woodcraft-npo.jp/
特定非営利活動法人　ＵＩＥ,http://www2.tbb.t-com.ne.jp/uie/html.html
ＮＰＯ法人　ちがさき自然エネルギーネットワーク,http://www.i-shimin.net/ren/
特定非営利活動法人　湘南国際アカデミー,http://npo-academy.jp
ＮＰＯ法人　一期ＪＡＭ,https://www.ichigojam.org/
ＮＰＯ法人　蜂の舞う里,http://hachinomausato.org
特定非営利活動法人  まちづくりスポット茅ヶ崎,http://www.machispo-chigasaki.com/
特定非営利活動法人　心を結ぶタイヨウハウス,http://www.taiyowhouse.or.jp/
特定非営利活動法人　尽力車,http://www.jinrikisha.me/index.html
ＮＰＯ法人ＵＡＰＡＣＡＡ国際保全パートナーズ,https://www.uapacaa.org/
特定非営利活動法人　ＡＦＭＥＴ,https://afmet.com/
ＮＰＯ法人　人と馬のＫＡＭＡＭＭＡ,https://sites.google.com/view/kamakura-uma-kamamma
ＮＰＯ法人　セカンドワーク協会,https://second-work.or.jp/
ＮＰＯ法人　アルペなんみんセンター,https://arrupe-refugee.jp
ＮＰＯ法人　カエルプロダクション,https://kaeruproduction.org/
特定非営利活動法人 Ａｆｙａ　Ｍａｎａｇｅｍｅｎｔ　Ｉｎｎｏｖａｔｉｏｎ,https://ami-afya.com/
特定非営利活動法人 それぞれ居場所みんな幸せ,https://one-all-happyfuture.org
特定非営利活動法人分水さくらを守る会,http://park22.wakwak.com/~bunsui/
特定非営利活動法人自立生活センター新発田,http://www002.upp.so-net.ne.jp/cil-shibata/
特定非営利活動法人新発田市手をつなぐ育成会,http://ikushiba.sunnyday.jp/
特定非営利活動法人大杉の里,http://oosuginosato.jp/
特定非営利活動法人市民協働ネットワーク長岡,https://skn-ngok.net/
特定非営利活動法人あいこうえん翼,http://aikouen-tsubasa.jimdo.com/
特定非営利活動法人スノーパーク小出,https://www.sp-koide.org/
特定非営利活動法人ながおか未来創造ネットワーク,http://www.ao-re.jp
特定非営利活動法人学びのスペースあうるの森,http://www.owlnomori.com/
特定非営利活動法人キッズサポートつむぎ,https://www.tumugi-tochio.com
特定非営利活動法人十いろ,https://npo-toiro.com/
特定非営利活動法人ミンナのチカラ,http://minnanochikara.org/npo/
特定非営利活動法人はねうまネットワーク,https://haneuma-net.studio.site
デイサービスこのゆびとーまれ,http://www.geocities.jp/kono_yubi/
ハッピーウーマンプロジェクト,https://happy-woman-project.net
障害者アート支援工房ココペリ,https://npococopelli.jimdo.com/
ちびっこきらら保育園,http://www.ni-po.ne.jp/~tibikko-land/
障がい者生活支援グループフレンズ富山,http://friends-toyama.com/?policy
フードバンクとやま,http://www.foodbank-toyama.com/
アポロン,http://npoapollon.web.fc2.com/
りばてぃーOne,http://toyama.areablog.jp/ribathi1
特定非営利活動法人スポーツクラブRiopedra加賀,http://www.riopedra.jp/
特定非営利活動法人金沢ベースボールクラブ,https://hardball89.jimdofree.com/
特定非営利活動法人北陸ライフケアクラスター研究会,http://www.h-lifecare.net/
NPO法人あんとふる,https://www.antful.org
特定非営利活動法人福井芸術文化フォーラム,https://geibun.info/
特定非営利活動法人JB studio,http://www.jelly-b.net
特定非営利活動法人中池見ねっと,http://nakaikeminet.raindrop.jp/
特定非営利活動法人若狭くらしに水舎,http://wakasa-suisya.wafull.jp/
特定非営利活動法人アップ・トゥ・ユウ,http://up-to-you.info/
特定非営利活動法人はぁもにぃ永平寺,http://harmonyeiheiji.wixsite.com/harmony
特定非営利活動法人山梨県ボランティア協会,http://www.yva.jp
特定非営利活動法人Ｓｍｉｌｅ 住宅安心ネットワーク,http://www.smile-ja.net
特定非営利活動法人山梨いのちの電話,https://yamanashi-inochi.org
特定非営利活動法人あさひ,https://www.asahi-teresa.com/
特定非営利活動法人山梨県安心安全見守りセンター,http://www.mimamori.or.jp
特定非営利活動法人メディカルケア協会,https://engechan.com
特定非営利活動法人楽しく笑って人生を過ごす山梨手話の会,http://tanoshiku-syuwa.net
特定非営利活動法人住環境の騒音・振動・低周波音を考える会,https://sosnoise.jimdofree.com/
特定非営利活動法人田舎ぐらしの郷南アルプス,http://minami-alps-klein.jp/
特定非営利活動法人ゆめこころ,http://yumecocoro.jp/
特定非営利活動法人ラクーダ,http://laccood.lsv.jp/wp/
特定非営利活動法人八ヶ岳知的財産研究所,http://www.yatsuken.jp
特定非営利活動法人ねことも・やまなし,https://nekotomo-yamanashi.or.jp
長野県ＮＰＯセンター,http://www.npo-nagano.org/
はるちか,https://www.day-oraho.info
信州フォレストワーク,http://www.sfw.or.jp/
グループＨＩＹＯＫＯ,http://www.ghiyoko.net/
長野サマライズ・センター,http://www.nagasama.net/
こまネット,http://www014.upp.so-net.ne.jp/komanetto/
ＣＯ２バンク推進機構,http://www.co2bank.org/
ACT,http://actjapan.org/
ふるさと,https://www.facebook.com/npohurusato/
ピッキオ,http://npo.picchio.jp
ＣｏＣｏ,http://npococo.org/
春の小川,http://harunoogawa.naganoblog.jp/
野沢温泉の夢を結ぶ会,http://orauchi.jp/
戸隠森林植物園ボランティアの会,http://togakushi1904.sakura.ne.jp
環境・福祉事業評価センター,http://www.kankyofukushi.org
信州・長野県物産振興協会,http://www.nagano-bussan.com
信州まつもと山岳ガイド協会やまたみ,https://www.yamatami.com
うえだ総合型地域スポーツクラブユーエスシー,http://www.club-usc.com
ケ・セラ,http://npo-que-sera.org/
なみあい育遊会,http://www.mis.janis.or.jp/~namiyou/
岡谷市手をつなぐ育成会,http://www.lcv.ne.jp/~sagyosho/
こもろの杜,http://www.t-garden.org/
イロイ・メモリアル・スカラーシップ,http://cebu-kodomotachi.jp/
フリーキッズ・ヴィレッジ,https://www.freekids.jp/
心の休憩所アトリエ虹,http://www14.plala.or.jp/a-niji/index3.htm
ぱーむぼいす,http://www9.plala.or.jp/palm-voice
タウンぷらす,https://tp9658.wixsite.com/townplus
エコラ倶楽部,http://www.ecoraclub.org
３次元設計能力検定協会,https://www.3da.or.jp
リベルテ,http://npo-liberte.org
悠夢,https://www.facebook.com/harukanayume
コミュニティビジネスネットワーク長野,http://cbn-nagano.net
わおん,http://npowaon.com/
信州能力開発ネットワーク,https://www.sadn.jp
えんのわ,http://ennowa.naganoblog.jp/
石窯スマイル研究会,http://smilestone-labo.com/
音のいぶき,http://otonoibuki.com
信州猫日和,https://snb.or.jp/
ユニバーサルツーリズムながの,https://www.ut-nagano.com/
愛宕山てっぺんの森を守る会,http://www.a-trust.or.jp
わっこ谷の山福農林舎,https://yamafuku.org
Grupo Germanni,http://www.germanni.org/
日本雪崩ネットワーク,https://nadare.jp
五つ葉福祉会,http://itsuha.or.jp/
東濃情報ネットワーク,http://www.touno-npo.com/
ぎふＮＰＯセンター,http://gifu-npocenter.org/
旅人とたいようの会,http://tabibitototaiyou.sakura.ne.jp
山の自然文化研究センター,https://nporcncm2004.wixsite.com/homepage
飛騨小坂２００滝,http://www.osaka-taki.com/
せき・まちづくりNPOぶうめらん,http://vousmelan.com
みんなで子育てドロップス,http://drops.enat.jp/
DOREMIみらい,http://npo-doremimirai.com/
縁がわ,http://www.engawa.or.jp/
核融合科学研究会,https://yu-kwai.jp/
市民エコ会議,http://www.enaecoplaza.com
岐阜ＧＴＴＭ元気に楽しく助け合い学べるサークル,http://www.ccn4.aitai.ne.jp/~mak/
ウェルビーイング,https://npo-wellbeing.com/
ぎふＩＴクリエイターズ,http://www.it-creators.or.jp
可茂ラグビー倶楽部,https://kamo-rugby.jp
つなぐプロジェクト,http://tsunagu-project.org
ピープル・オブ・オール,https://www.peopleofall.com
掛川市スポーツ協会,http://www.kakegawa-taikyo.com/
シンセア,http://www.npo-sincere.org/
縁がわ,https://www.npoengawa.org
伊豆の風,http://www.facebook.com/kutsukakehojou
ゆめ・まち・ねっと,http://yumemachinet.web.fc2.com/
ふくでハッピーハンズ,https://fukude-happyhands.jimdo.com/
ＦＩＮＥ,http://npofine.org/
こるり,https://koruri415.jimdo.com/
ＮＰＯサプライズ,https://www.surprizu2012.jp/
アンダーウオータースキルアップアカデミー,http://www.npo-uwsua.org/
時ノ寿の森クラブ,https://tokinosunomori.com/
メディスンヒル広見の郷,http://medicine-h.org
夢倶楽部ボウリング愛好会,http://yume.sakuraweb.com/
静岡人材再生支援センター,https://s-jinzaisaiseishien.jimdofree.com/
市民活動広場ふらっと御殿場,https://gotemba-npo.net
ＣＯＭＰＡＳ,http://www.npo-compas.com
スポウエルアスリートクラブ,http://www.spowell-ac.com/
おひさまとまちづくり,http://npoohisama.com/
ＮＰＯ法人あけぼの会,http://best-friends2015.com/
初めての釣り教室Ryon,http://hajimetenoturi.jimdo.com
交通事故と労災をサポートする会日本,https://www.jikosapo.org/
アートコラールきくがわ,http://artchoral.wixsite.com/kikugawa
みしまびと,https://www.mishimabito.com/
伊豆楽園プロジェクト,https://izurakuen.jimdofree.com/
Ｍｉｎｇｌｅ　Ｉｚｕ,http://izufull.com/kinme/
天城の森フォレスターズ倶楽部,https://amaginomorifc.jimdofree.com/
ＴＷＦの会,http://twfnokai.org/
スルガボーイズ,https://www.netto.jp/suruga-boys/
伊豆高原ＢＡＳＥ,http://izukogenbase.org
未来クリエート21,https://npomc21.amebaownd.com/
みらい建設部,http://miraken.jpn.org/
伊豆移住ネットワーク,http://iju.izucafe.jp/npo/
わ・く・ら,https://npowakura.jimdofree.com/
TNR,https://www.npotnr.org
高天神,https://takatenjin.com
NＰＯ日本ＤMＡT支援機構,https://supportdmat.jp
特定非営利活動法人フードツーリズム研究所,https://foodtourism.jimdo.com/
特定非営利活動法人土肥の暮らしを支え合う会きずな,https://npo-toinokurashi.wixsite.com/website
Cafe de寺子屋,https://cafe-de-terakoya.or.jp/
特定非営利活動法人社会人サークルｎｏ ｂｏｒｄｅｒｓ,https://www.noborders2ndspace.com/
静岡STEMアカデミー三島 STEAM Lab,https://mishima-steam.wixsite.com/mishima-steam
犬山あんきにくらそう会,http://www2.odn.ne.jp/~anki/
絆,https://tasukeai-kizuna.jp/
のわみサポートセンター,https://www.138npo.org/info/group/entry.php?serial_no=1022
グリーンライフ小牧,http://greenlife-komaki.blog.jp/
教育総合研究所　ひかり学園,http://www.hikari-scool.net/
のぞみ,http://www.npo-nozomi.jp
志民連いちのみや,http://www.shimin.org
ももの木保育園,http://www.momonoki-hoikuen.com/
しんしろドリーム荘,https://www.dreamso.org
育て上げネット中部虹の会,https://www.nponiji.org/
ブックパートナー,http://npobookpartner.main.jp/
気分爽快,http://kibunso-kai.info/
ぱれっと,https://npopaletteaichi.wixsite.com/8010
愛知家族会,http://www.aichikazokukai.com/
てほへ,http://tehohe.com/
ゆめフルたけとよスポーツクラブ,https://www.taketoyo-sc.jp/
愛知県相談支援専門員協会,http://askyoukai.seesaa.net/
耐震住宅普及協会,http://www.taishin-jutaku.com/
子育て応援団はじめの一歩,https://ameblo.jp/kosodateouendan-ippo/
とこっ子,http://genesistem.jp/tokokko/index.html
特定非営利活動法人土岐川・庄内川サポートセンター,https://npots.jimdo.com/
豊田里山塾,http://www.hm3.aitai.ne.jp/~sata-/satoyama.html
『全国在宅リハビリテーションを考える会』,http://www.zaitaku-reha.com/
特定非営利活動法人いたみ医学研究情報センター,http://www.pain-medres.info/
さぼてんの花,https://www.facebook.com/saboten87pun10/
幸の華,http://yukinohana2611.com/
ＡＳＵＭＯ,http://www.asumo.or.jp/
ハッピースマイルわかば,https://www.npo-homepage.go.jp/npoportal/user/
葵風,http://aoinokaze.or.jp/wp-content/uploads/2020/01/2019.pdf
アスペディア“ａｓｕｐｅｄｉａ”,https://www.facebook.com/asupedia/
アジャスト,https://npo-adjust.jimdo.com/
にじのかなたに,https://www.facebook.com/nijinokanatani/
尾張北部権利擁護支援センター,https://owarihokubu-kenriyougo.net/
ことだま,http://www/pur-esprit.com
創 Seeds,https://sow-seeds.com/
東海つばめ学習会,https://tokai-tsubame.amebaownd.com
いせコンビニネット,http://www.e-ise.net
みえきた市民活動センター,http://www.mie-kita.gr.jp/
ａ　ｔｒｉｏ,http://a-trio.net/
チャレンジスクール三重,http://www.chmie.jp
うれしのスポーツクラブＡＦＬＥＣ,https://www.facebook.com/ureshino.aflec
ライフ・ステージ・サポートみえ,http://lifessmie.blog.fc2.com/
和泉,https://npo-izumi-hohoemi.wixsite.com/shiawase
故郷の海を愛する会,http://blog.canpan.info/umiwoaisurukai/
いろ葉,http://iroha-mie.com
ＮＰＯ法人チーム・さくら,http://team-sakura.ise-6236.com
Ｊｏｉｎｔ　Ｐｌｕｓ,http://joint-plus.blog.jp/
ゆめみらい,https://www.yumemirai.or.jp/
はねのもと,http://www.npo-hanenomoto.net/
さくらプラス,https://nposakura.com/
特定非営利活動法人滋賀県精神障害者家族会連合会,http://nionokai.jimdo.com
特定非営利活動法人びわ湖トラスト,http://www.biwako-trust.com/
特定非営利活動法人キューピットクラブ,http://shiga-cupido.org/
特定非営利活動法人Ｈ・Ｗ・Ｅ,http://hwe.or.jp
特定非営利活動法人フェリーチェ,https://www.felice-nursery.com/
特定非営利活動法人珀美会,http://www.k4.dion.ne.jp/~infini/index.html
特定非営利活動法人みんなのＮＰＯ,https://www.facebook.com/minna.no.npo
特定非営利活動法人クローバー・サービス,http://www.cloverservice.or.jp
特定非営利活動法人京都親子支援センター・チャレンジクラブ,https://challengeoyamazaki.wixsite.com/challengeclub
特定非営利活動法人友愛サポート,https://www.ui-print.com
特定非営利活動法人乙訓やよい福祉会,http://yayoikobo.main.jp
特定非営利活動法人とんかち,http://www.tonkachi.jpn.org/
特定非営利活動法人プロデュース・テクノロジー開発センター,http://produce-tech.or.jp/
特定非営利活動法人京都伝統工芸活動支援会「京都匠塾」,https://kyototakumijuku.jimdofree.com/
特定非営利活動法人ブルーシー阿蘇,https://blue-sea-aso.jp/
特定非営利活動法人こらぼねっと京都,http://www.kyoto-collabo.com/
特定非営利活動法人自立支援センターいかるがの郷,http://www.a-ikaruga.or.jp/
NPO法人京都フォーライフ,http://www.f-life.or.jp/
特定非営利活動法人くうかい,http://d-project-kyoto.com/
特定非営利活動法人加茂女,http://www.npo-kamome.com/
特定非営利活動法人献血と骨髄バンクの和を広げる会,https://peraichi.com/landing_pages/view/wanokai
特定非営利活動法人まきしま絆の会,http://www.reos-makishima.com/kizunanokai.html
特定非営利活動法人テダス,http://tedasu.com/
特定非営利活動法人スマイル,http://nposmile-kyotamba.jimdo.com/
特定非営利活動法人Ｊｏｉｎｔ　Ｊｏｙ,http://www.jointjoy.jp
特定非営利活動法人みんなのネットワーク,http://minnano-network.or.jp/
特定非営利活動法人摩気高山の郷振興会,http://make-takayama.com/
特定非営利活動法人Creative Adventure,https://creativeadventure.tech/
特定非営利活動法人畑楽人,https://www.facebook.com/npo.hatarakuhito/
特定非営利活動法人ちはやぶる宇治の未来をつくる会,http://chihayaburu-uji.com/
特定非営利活動法人すまいるりんく,http://tunagukyoto.jimdo.com
ＮＰＯ法人京都くらし方研究会,http://www.kyo-kura.or.jp/
特定非営利活動法人フードバンク京都,https://www.foodbankkyoto.com/
特定非営利活動法人レスタート,https://restart.town/
京よりそい,http://kyoyorisoi.com
日本ライフキャリア協会,https://4soul.jp/
特定非営利活動法人ビー・ジーみなみ,http://www.bgminami.com/
特定非営利活動法人ユニバーサルデザイン推進協会,https://www.u-bappu.jp/
特定非営利活動法人サンキューネット,http://www.san9net.com/
特定非営利活動法人以和貴,https://npoiwaki.jp/
特定非営利活動法人シーン,http://www.npo-sean.org
特定非営利活動法人ルミエ,https://lumie-npo.jimdosite.com/
特定非営利活動法人よりあい倶楽部,http://npo-yoriai.org/
特定非営利活動法人友、友,http://www.you-you.org
特定非営利活動法人高槻の高齢社会をよくする会,http://www.hamuro.org
特定非営利活動法人ワークレッシュ,http://workcreche.org/
特定非営利活動法人里山倶楽部,http://satoyamaclub.org/
特定非営利活動法人ライフスキル研究所,http://lifeskill-npo.org/
特定非営利活動法人歴史体験サポートセンター楽古,http://racco-taiken.com/
特定非営利活動法人地域支援センターくまとりロンド,https://kumatori-rondo.com/
特定非営利活動法人日本シニアテニス連盟,http://jsta-web.jimdofree.com/
特定非営利活動法人八尾情報技術支援倶楽部,http://www.yaoits.com/
特定非営利活動法人アジア子供支援フジワーク基金,http://www.asia-kids.or.jp
特定非営利活動法人高槻ボラパソ,http://park5.wakwak.com/~takatukiborapaso
ＮＰＯ法人南河内こどもステーション,https://blogs.yahoo.co.jp/uedapyou
特定非営利活動法人いずみの国の自然館クラブ,http://shizenkan-club.net
特定非営利活動法人えるたす,http://npo-lt.com
特定非営利活動法人自立生活センター・ＦＲＥＥ,http://www.cil-free.com/
特定非営利活動法人ひらかた環境ネットワーク会議,http://hirakata-kankyou.net/
特定非営利活動法人地域福祉創造協会ウインク,https://wincnpo.wix.com/kokoro
ＮＰＯ法人親子ｄｅカフェあ・ん,http://an-blog.at.webry.info/
ＮＰＯ法人ＦＣ．ＶＯＬＥＮＴＥ大阪,http://fc.volenteosaka
特定非営利活動法人ハニー・ビー,http://www.honeybe.jp
ＮＰＯ法人フルル花と福祉の地域応援ネット,http://fululu-club.com/
特定非営利活動法人岸和田国際交流協会,http://gartman.at.webry.info/
ＮＰＯ法人弱視の子どもたちに絵本を,http://www.wanpakubunko.com/npo
特定非営利活動法人東大阪成年後見支援センター,https://hokouken.org/
特定非営利活動法人門真市手をつなぐ育成会,https://kadoma-tewotunagu.org/
ＮＰＯ法人明日架,https://npo-asuka.net/
特定非営利活動法人すばる,http://www.npo-subaru.net/
特定非営利活動法人せらび,http://www.eonet.ne.jp/~cestlavie/
特定非営利活動法人ネクスト,http://care-net.biz/27/nextwith/
特定非営利活動法人ウィークタイ,http://weaktie.org/
ＮＰＯ法人ＴＥＡＣＨ,http://npo-teach.com/
特定非営利活動法人消費者サポートセンター,http://www.syouhisya.org/
特定非営利活動法人Ｂｅａｕｔｙ Ｒｅｂｏｒｎ Ｓｕｐｐｏｒｔ,http://beauty-reborn.fem.jp/
特定非営利活動法人ＰＬＵＳ　ＯＮＥ,http://www.plus-one101.com/
特定非営利活動法人日台親善支援協会,http://jatfa.org/
特定非営利活動法人ジョイントハート,http://joint-heart.com/
特定非営利活動法人すまいる,http://nposmile.org
特定非営利活動法人障がい者・高齢者市民後見STEP,http://www.npostep.jp/
特定非営利活動法人ニュークリエイター・オルグ,https://newcreator.org/
NPO法人パフォーマンスチア普及推進の会,https://worldwings2wdc.wixsite.com/performancecheerfsg
特定非営利活動法人掌,https://tanagocolo.org
特定非営利活動法人高槻名誉市民を語り継ぐ会,http://takatuki-meiyo.sakura.ne.jp/
特定非営利活動法人阿武山地震・防災サイエンスミュージアム,https://www.npo-abuyama.org
特定非営利活動法人たゆらぎ,https://tayuragi.com/
特定非営利活動法人　ボランティアネットコル,https://npocol.org/
特定非営利活動法人樹惠会,http://zyukeikai.sakura.ne.jp
特定非営利活動法人　志塾フリースクールラシーナ,https://lacina.shijuku-fs.org
特定非営利活動法人サエア・ジャパン,http://www.saeajapan.jp
特定非営利活動法人日本身体障害者野球連盟,http://www.portnet.ne.jp/~ciwasa30/
特定非営利活動法人　イルソーレ,http://hp.kaipoke.biz/x0e/
特定非営利活動法人そよかぜ,http://nposoyokaze.org
特定非営利活動法人北摂ベースボールアカデミー,https://hokusetsubaseball.org/
NPO法人リエゾン,https://npo-liaison.net
特定非営利活動法人門真フィルムコミッション,https://kadoma-film.com/
特定非営利活動法人摂津まるごとプロジェクト,https://www.maru510.jp/
特定非営利活動法人ＫＡＲＡＴＥ宮崎道場,https://gangan19.com/
特定非営利活動法人地域共生ネットワークえーる,http://npo-eru.org
特定非営利活動法人フリースペースかんの,https://freespacekanno.amebaownd.com/
特定非営利活動法人ＰＩＮＫＪＡＣＫ,http://pinkjack.jp
特定非営利活動法人発達凸凹サポーターてくてく,http://tekuteku.or.jp/
特定非営利活動法人ラ・レーチェ・リーグ日本,https://llljapan.org/
特定非営利活動法人しっぽのごえん,https://sipponogoen.sennan-ah.com/
特定非営利活動法人風の杜,http://kazenomori-polaris.com/index.html
特定非営利活動法人熊野生流倶楽部,http://kumanoseiryu.net
特定非営利活動法人動物愛護社会化推進協会,https://www.happ.or.jp/
ＮＰＯ法人環境情報ステーションｐｉｃｏ,http://pico.m20.coreserver.jp/pico/
特定非営利活動法人良縁支援の会,http://npo-ryouen.or.jp/
特定非営利活動法人宝塚ＮＰＯセンター,http://hnpo.net/
特定非営利活動法人ブレーンヒューマニティー,http://www.brainhumanity.or.jp/
特定非営利活動法人兵庫県腎友会,https://npohjk.or.jp/
特定非営利活動法人かめのすけ,http://www.kamenosuke.com
特定非営利活動法人保育ネットワーク・ミルク,https://npo-milk.org/
特定非営利活動法人兵庫県難聴者福祉協会,http://www.hyogoken-nancho.org/
特定非営利活動法人シミンズシーズ,http://www.npo-seeds.jp/
特定非営利活動法人支援の会ひまわり,http://himawari.uh-oh.jp/
特定非営利活動法人障害者生活支援センター遊び雲,http://asobigumo.net
特定非営利活動法人サニーサイド,http://sunnyside.peewee.jp/
特定非営利活動法人はりま里山研究所,http://www.satoyama-lab.org
特定非営利活動法人まちづくりステーションきらめき,http://hccweb6.bai.ne.jp/kirara
特定非営利活動法人北播磨市民活動支援センター,http://www.ksks-arche.jp/
特定非営利活動法人関西イー・エルダー,http://www.k-ee.com/
特定非営利活動法人スポーツクラブ２１はりま,http://www.sc21-harima.com
ＮＰＯ法人絵本で子育てセンター,https://www.ehondekosodate.com/
特定非営利活動法人くぬぎ,http://www.npo-kunugi.org/
特定非営利活動法人伊丹市手をつなぐ育成会,http://itami-ikuseikai.jimdo.com/
特定非営利活動法人こども発達サポートセンター,http://kodomo-smile.net/
特定非営利活動法人ぱれっと,https://nojigikukoubou.wixsite.com/palette
特定非営利活動法人ジョイフル,https://atcompany.jp/joyful/
特定非営利活動法人あまっこ市民エネルギープロジェクト,http://www7b.biglobe.ne.jp/~amakko/
特定非営利活動法人　ええうた工房,http://kasaiakira2001.wixsite.com/eeuta
特定非営利活動法人キッピーフレンズ,http://kippy-friends.com
特定非営利活動法人とことこ,http://il-center.info/
特定非営利活動法人稲美町つくしとすぎなの会,http://www.bb.banban.jp/~kih11201/
特定非営利活動法人オフコース,http://www.eonet.ne.jp/~ofcours/
特定非営利活動法人月と風と,https://tsukitokazeto.com/
特定非営利活動法人兵庫介助犬協会,http://hsda.main.jp/
特定非営利活動法人コミュニティ事業支援ネット,http://comisapo.com/
特定非営利活動法人ともしび,http://tomoshibi.untokosho.com/
特定非営利活動法人オフィスえびす,https://workstyle-lab.org/
特定非営利活動法人日本ハンザキ研究所,https://www.hanzaki.net/
特定非営利活動法人創作工房ゆう,http://saori-you.com/
特定非営利活動法人燦々,http://sunsun-shiinomi.moo.jp
特定非営利活動法人グローバル・シップスこうべ,http://www.global-ships.net/access/
特定非営利活動法人日本皮革技術協会,http://jalt-npo.jp/
特定非営利活動法人新風林田,https://npo-shinpoohayashida.net
特定非営利活動法人ぽしぶる,http://www.npopossible.com/
特定非営利活動法人ほほえみの花,http://www.minnano-ie.org
特定非営利活動法人コミュニティアートセンタープラッツ,http://www.platz-npo.com/
全国ＮＰＯ会計担当者ネットワーク,http://www.npokaikei-tantou.org/
特定非営利活動法人グラスクラフト協会,https://glasscraft.jp/
特定非営利活動法人スマイルアシスト,https://cosmos-npo.jimdo.com/
特定非営利活動法人美メイク・アクトレス,http://bimake-actress.info/
特定非営利活動法人ミューズ,http://npo-muse.org/
特定非営利活動法人国際レスキューシステム研究機構,http://www.rescuesystem.org
特定非営利活動法人フラワーセラピー普及協会,http://www.f-therapy.com
特定非営利活動法人都市災害に備える技術者の会,http://toshisaigai.net/
特定非営利活動法人新教育推進協会,http://www.npo-saf.org/
ＮＰＯ法人日本心理教育ラボ,https://www.koko-lab.jp/
特定非営利活動法人スマイルひろば,https://smilehiroba2006.wixsite.com/smilehiroba
特定非営利活動法人新エネルギーをすすめる宝塚の会,https://rept.or.jp/
特定非営利活動法人こころ・からだ研究所,https://www.npo-cococala.com
特定非営利活動法人ネクスト,https://www.next-mirai.org/
ＮＰＯ法人ゲートキーパー支援センター,http://monban.net/
特定非営利活動法人にほんご豊岡あいうえお,http://www.eonet.ne.jp/~aiueo-nihongo/index.html
特定非営利活動法人伊丹アドボカシーネットワーク,http://itami-adnet.jp/
特定非営利活動法人神戸の冬を支える会,http://www.http://kobe-fuyu.org/
特定非営利活動法人ぽっかぽかランナーズ,https://www.pokarun.com
ＮＰＯ法人日時計の丘,http://www.nishiwaki-hidokei.jp
特定非営利活動法人ひまわり会,http://r.goope.jp/himawari-house
特定非営利活動法人教育協会,http://npo2013.jp
ＮＰＯ法人育ちあいサポートブーケ,http://bouquet-npo.com/
NPO法人ラリグラス,https://nposupport.wixsite.com/laliguras
特定非営利活動法人生活支援の会あいかつ,http://aikatsu.iocl.jp/
特定非営利活動法人阪神文化財建造物研究会,https://npohanbunken.sakura.ne.jp/wp/
特定非営利活動法人奥播磨夢倶楽部,https://okuhariyumeclub.grupo.jp/
特定非営利活動法人兵庫大阪ヒューマンホープ,https://humanhope-web.jimdosite.com/
ＮＰＯ法人みやっこサポート,https://www.miyasapo.net/
特定非営利活動法人武庫川スポーツクラブ,http://mukogawa-sc.com
NPO法人いたみ野良猫をふやさない会みゅうみゅう,https://mewmew222.jimdo.com/
特定非営利活動法人市民後見ひょうご,http://blog.canpan.info/kouken-hyougo/
特定非営利活動法人Compass,https://compass-standbyyou.jimdo.com/
特定非営利活動法人兵庫子ども支援団体,https://hpcso.com/
ＮＰＯ法人かんｄｅすまいる,https://kandesmile.amebaownd.com
特定非営利活動法人都市生活コミュニティセンター,http://www.toshiseikatsu.net/npo/
特定非営利活動法人すくすくあいね,http://www.facebook.com/sukusukuaine
特定非営利活動法人百生一輝,https://www.hyakusho-ikki.org
特定非営利活動法人動物愛護・福祉協会60家,https://nporowaya.com/
特定非営利活動法人二宮整体アカデミー協会,https://ninomiyaseitai.jimdofree.com/
特定非営利活動法人そなえる救急医療情報,https://www.sonaeru.org/
特定非営利活動法人丹波ひとまち支援機構,https://tam-en.org
特定非営利活動法人ONE LOVE,https://onelove-myplace.com
特定非営利活動法人　Nネット,https://npo-nnet2019.com
特定非営利活動法人　みつわ会,http://www.mitsuwakai-nara.jp/
特定非営利活動法人　ポルベニルカシハラスポーツクラブ,http://www.porvenir.jp/
特定非営利活動法人　ソレステレージャ奈良２００２,http://solestrella-nara2002.org
特定非営利活動法人　スクラップブッキング協会,http://www.scrapbooking-association.com/
特定非営利活動法人　自立支援ステーション　ぽかぽか,http://www.pokapoka-cosmos.com/
特定非営利活動法人　ぷろぼの,http://probono.vport.org/
特定非営利活動法人　近畿介助犬協会,http://kinkikaijyoken.jp/
特定非営利活動法人　ならスポーツネットワーク,https://nara-spo.net
特定非営利活動法人　Ａ＆Ｊ日豪国際友好親善協会,https://a-and-j-iocess.jimdofree.com/
特定非営利活動法人　木の家　和（NAGOMI）,http://www.kinoie-nagomi.net/
特定非営利活動法人　奈良国際友好交流協会　Nakamaro,http://nakamaro.noor.jp/
特定非営利活動法人　アゴラ音楽クラブ,http://www.agora-mc.com
特定非営利活動法人　グラミーゴ奈良三笠,http://gramigo-nara.com/
特定非営利活動法人　元気クラブいかるが,http://gcikaruga.com/
特定非営利活動法人　青少年の自立を支える奈良の会,http://web1.kcn.jp/arannoie/index.html
ＮＰＯ法人アクティブ王寺,http://www17.plala.or.jp/active-oji
特定非営利活動法人　空き家コンシェルジュ,http://www.akiyaconcierge.com/
特定非営利活動法人　サークルおてんとさん,http://www.otentosan.net/wp/
特定非営利活動法人　スペシャルオリンピックス日本・奈良,https://son-nara.net
特定非営利活動法人　てぃあら,http://www.tiara-kirakira-tiara.com
特定非営利活動法人　はっぴぃ明日,https://happy1103.jimdofree.com/
特定非営利活動法人　市民活動サークルえん,http://circle-en.info/
特定非営利活動法人　奈良県防災士会,http://bousainara.com
特定非営利活動法人　ここサポ,http://web1.kcn.jp/kokosapo/
NPO法人　ケアメイトたつた,http://www.carematetatsuta.jp/
特定非営利活動法人　そら,http://sorasupport.sakura.ne.jp
特定非営利活動法人　てらす,http://npo-terasu.org/
特定非営利活動法人ハンサムガーデン,http://www.handsomegarden.com
特定非営利活動法人　子育て研究所tocotoco,https://tocotocolabo.wixsite.com/main
特定非営利活動法人コドモオフィス,https://kodomo-office.com
特定非営利活動法人自立生活センター・サポート２４,http://www5.kcn.ne.jp/~n-supo24/
わかやまＮＰＯセンター,http://www.wnc.jp/
ひまわり,http://www8.ocn.ne.jp/~himahima/
かたつむりの会,http://npokatatsumuri.info/
自然体験学習支援センター,https://nes-center.org/
環境社会教育機構,http://iwabucks.com
特定非営利活動法人ふるさと文化研究会,http://www.cca.or.jp
ＮＰＯ法人かほくスポーツクラブ,http://www.ncn-k.net/htoku/
特定非営利活動法人未来,http://npo-mirai.net/public/
NPO法人おりもんや,http://www.orimonya.or.jp
特定非営利活動法人山陰福祉の会,http://san-fuku.com/
特定非営利活動法人つぼみ畑,https://tsubomibatake.amebaownd.com
特定非営利活動法人おやこ劇場松江センター,http://blog.canpan.info/oyakomatsue/
特定非営利活動法人21世紀出雲産業支援センター,http://npo-i-i-support.org
特定非営利活動法人ぽんぽん船,http://ameblo.jp/ponponsen-taki/
特定非営利活動法人島根県介護事業運営研究会,http://shimane-kaigo.com
特定非営利活動法人益田市・町おこしの会,http://www.masuda-genki.or.jp
特定非営利活動法人ちゃいるどりーむ,https://www.kosodate-hitomaro.jp
特定非営利活動法人浜田自立支援センターウェルチャーム,https://sites.google.com/view/inahonosato
特定非営利活動法人らとこんた,https://www.ratokonta.com/
特定非営利活動法人久手未来会議,https://kutemiraikaigi.jimdofree.com/
NPO法人ミライノタネ,https://miratane.org
特定非営利活動法人自然再生センター,http://www.sizen-saisei.org/
認定特定非営利活動法人ハーモニーネット未来,http://hamomira.or.jp/
ふれあいサポートちゃてぃず,https://npochatys.jimdo.com/
きよね夢てらす,http://kiyoneyumeterasu.jimdo.com
希福祉会,http://www43.tok2.com/home/poem22/index.html
かさおか島づくり海社,https://www.shimazukuri.org/
ＴＥＣ．ＥＣＯ再生機構,http://ww32.tiki.ne.jp/~tec-eco/
子育て応援ナビぽっかぽか,https://www.pokkapon.com
歯科ネットワーク岡山から世界へ,http://www.dnow.or.jp/
たまのの企画,http://nonochan.net
のぞみ,http://ww41.tiki.ne.jp/~nozomi1201/
まこと,http://npo-makoto.net/
岡山県里親・里子を支える会,http://grace2007jp.wixsite.com/okayamasatooya
すごい婚活塾,https://sugokon.org/
おるてっく,http://www.olteck.jp/
未来へ,http://npomirai.org/
百業・百楽ネットワーク,http://www.hyakuraku.org/
山村エンタープライズ,http://hito.sanson.asia
陣屋,http://blog.canpan.info/npoginya/
じあい,http://npo-jiai.com/
みんなの集落研究所,http://www.npominken.jp/
オリーブの家,https://olivehouse1225.wordpress.com/
ハンセン病療養所世界遺産登録推進協議会,https://www.hansen-wh.jp
こうのさと,https://konosato.org/
子ども家族生活サポートセンターいとでんわ,https://k-itodenwa.amebaownd.com/
きぼう,https://kibou-step.com/
呉ｻﾎﾟｰﾄｾﾝﾀｰくれシェンド,http://www.kuresc.net/press/
住宅＆相続支援びんごＮＰＯセンター,http://www.chintai-npo.or.jp
きずな,https://www.kizuna-hiroshima.com/
三段峡‐太田川流域研究会,https://sanken-hiroshima.org/
フリースクール木のねっこ,https://kinonekko.info/
特定非営利活動法人山口県腎友会,http://www.npojinyama.net
特定非営利活動法人いろりの家,http://.irorinoie.org/
特定非営利活動法人山口せわやきネットワーク,https://yamaguchi-sewayaki.com/
特定非営利活動法人さわやか防府,https://www.sawayakahofu.com
特定非営利活動法人支えてねットワーク,https://sasaetenetwork.com/
特定非営利活動法人ふれあいの家鴻の峯,http://blog.canpan.info/konomine/
特定非営利活動法人市民活動さぽーとねっと,https://hofu-saponet.sakura.ne.jp/
特定非営利活動法人福祉の店アミーチ,http://amici-npo.sakura.ne.jp
特定非営利活動法人周南さわやか会,https://sawayaka-kai.or.jp
特定非営利活動法人環境奇兵隊,http://blog.canpan.info/kankyoukiheitai/
特定非営利活動法人下関明るい社会づくり運動推進協議会,http://shimonoseki-meisha.net
特定非営利活動法人要約筆記しものせき,https://youyaku-shimonoseki.jimdo.com
特定非営利活動法人下関深坂さくら友の会,http://yasuokac.sakura.ne.jp/sakura
特定非営利活動法人ゆうゆうグリーン俵山,http://tawarayama.jp/
特定非営利活動法人消費者ネットやまぐち,http://yamaguchi-kenren-coop.jp/net/
特定非営利活動法人大路小路まち・ひとづくりネットワーク,http://ojilobby.sblo.jp/
特定非営利活動法人おれんじの会,http://www4.hp-ez.com/hp/yorangeion
特定非営利活動法人クロスロード,http://www.crossroad.sakuraweb.com
特定非営利活動法人人と木,https://www.nagato-toymuseum.com/
特定非営利活動法人しあわせのランプ,http://shiawasenolamp.sakura.ne.jp/index.html
ＮＰＯ法人皆繋,https://minatsunagi.org
特定非営利活動法人萩明倫学舎,http://hagimeirin.jp/
特定非営利活動法人エコフレンズいわくに,http://ekofriendsiwakuni.web.fc2.com
特定非営利活動法人ほっぺこどもの森,https://ameblo.jp/hoppekodomonomori/
特定非営利活動法人にこにこおひさまクラブ,https://nikosun.jp/
特定非営利活動法人太陽と緑の会,http://www.t-midori.org/
特定非営利活動法人とくしま県民活動プラザ,http://www.plaza-tokushima.com/
特定非営利活動法人阿波グローカルネット,https://awa-g.net/
特定非営利活動法人ＴＩＣＯ,https://www.tico.or.jp/
特定非営利活動法人ゼロ・ウェイストアカデミー,http://www.zwa.jp/
特定非営利活動法人烏雲の森　沙漠植林ボランティア協会,http://uyunnomori.jp
特定非営利活動法人藍住町手をつなぐ育成会,http://www.orange-note.org/
特定非営利活動法人とらまる保育園,https://toramaru.ed.jp
特定非営利活動法人壮生,http://sousei.main.jp/
特定非営利活動法人Approach For Life Saver,http://www.afls.jp
特定非営利活動法人　美郷宝さがし探検隊,http://www.tcu.or.jp/misato/hotaru/
特定非営利活動法人　吉野川に生きる会,https://www.facebook.com/yoshinogawaniikirukai/
特定非営利活動法人　ＡＵＸ,http://auxnpo.blogspot.jp/p/aux.html
特定非営利活動法人　太鼓の楽校,http://taikonogakko.jimdo.com/
特定非営利活動法人　日本ペアレント・メンター研究会,https://parentmentor.jp/
特定非営利活動法人　ＨＡＩＫＵ日本,http://haikunippon.net/
特定非営利活動法人　ひとつむぎ,https://hitotsumugi.org/
特定非営利活動法人　フードバンクとくしま,http://foodbank.roukyou.gr.jp
特定非営利活動法人　花見山心の手紙館,http://www.hanami-yama.com
NPO法人　エコロジカル・ファーストエイド,http://eco-1st-aid.com
特定非営利活動法人　徳島に電子図書館をつくってみる会,https://mirukai.org
NPO法人　ＡＷＡ ＰＲＯＪＥＣＴ,http://wwwb.pikara.ne.jp/npo-awaproject
特定非営利活動法人補助犬とくしま,https://www.hojoken.tokushima.jp
特定非営利活動法人　マチトソラ,http://machitosora.com/
特定非営利活動法人どんぐりネットワーク,https://www.donguri-net.com/
特定非営利活動法人マインドファースト,https://www.mindfirst.jp/
特定非営利活動法人瀬戸内オリーブ基金,http://www.olive-foundation.org/
特定非営利活動法人子育て応援ＮＰＯフレンズ,http://friends-sunnyhouse.wix.com/npo-friends
特定非営利活動法人あそぶんそだつん,http://asoboon.web.fc2.com/
特定非営利活動法人空手道修慧会,http://www.miu-konpira-itinomiya.com/
特定非営利活動法人Ｔｏｔｉｅ,http://totie.org/
特定非営利活動法人クリエイト,http://www.npokurieito.org/index.html
特定非営利活動法人わがこと,https://www.wagakoto.jp
えひめ高齢者ヘルスプロモーション研究会,https://ikiiki-npo.com/
えひめ障害者ヘルパーセンター,http://home.e-catv.ne.jp/
ふれあいエコクラブ,http://home.e-catv.ne.jp/rikkuru/
愛媛県知的障害者福祉協会,https://www.welfare.ehime.jp
なもし開縁隊,http://sato-machi.chicappa.jp/namoshi-satoyama/
愛媛県建設技術支援センター,https://ace-support.org/
石鎚森の学校,http://ishizuchi.net/
今治しまなみスポーツクラブ,http://www.imabari-shimanami-sportsclub.org/
共育コーディネートグループＳＨＡＫＥ,https://mujakien.jp
ＮＰＯ法人Ｓｃｈｏｏｌ　Ｇｒｅｅｎ　Ｊａｐａｎ,http://www.nposgj2010.org
頼れるふるさとネット,http://tayofuru.net
愛媛キャリアコンサルタント協会,https://ecca.jp
四国の空,https://sikokusky-hidamari.official.jp/
えひめリソースセンター,http://www.seed.ehime.jp/
ＮＰＯ法人　Kodomo　Saijo,http://kodomosaijo.com/
ＮＰＯ法人　えひめ人材ブリッジ,https://www.facebook.com/ehimebank/
由良野の森,http://www.yuranonomori.jp/
ＴＥｔｏＴＥ,http://yanadani.wixsite.com/npo-tetote
循環器医学・医療支援センター,https://www.cvmedics.org
西条市国際交流協会,http://www.saijo-iea.jp/
特定非営利活動法人高知ＮＰＯ,http://www.knpo.jp/
特定非営利活動法人ＮＰＯ高知市民会議,http://shiminkaigi.org/
特定非営利活動法人訪問理美容ネットワークゆうゆう,http://www.npouu.net/
特定非営利活動法人ＮＰＯ砂浜美術館,http://www.sunabi.com/
特定非営利活動法人すさきスポーツクラブ,http://kawasemi.ne.jp/
特定非営利活動法人土といのち,http://tuchitoinochi.justhpbs.jp/
特定非営利活動法人福祉住環境ネットワークこうち,http://fukuneko-k.com/
特定非営利活動法人由菜の里,http://yuunanosato.com
特定非営利活動法人高知県自閉症協会,https://asd-kochi.jimdofree.com/
特定非営利活動法人土佐の太平洋高気圧,http://www.tosappo2011.com
特定非営利活動法人あまやどり高知,http://amayadori-kochi.jp/index.html
特定非営利活動法人高知・インドネシア看護師サポート会,http://kinso.org/
特定非営利活動法人スペシャルオリンピックス日本・高知,https://son-kochi.com
特定非営利活動法人暮らすさき,http://www.kurasusaki.com
特定非営利活動法人れいほく田舎暮らしネットワーク,http://reihoku.in
特定非営利活動法人四万十市への移住を支援する会,https://shimantocity-hataturn.com/
特定非営利活動法人みらい予想図,http://mirai-yosouzu.com
特定非営利活動法人ふくしねっとＣｏＣｏてらす,http://www.fukushinet.or.jp/
特定非営利活動法人情報化ユートピア,https://npo.rasii.net
ＮＰＯ法人オーガニックスタイルこうち,https://www.npo-osk.com
ＮＰＯ法人大月地域資源活用協議会,https://orranc.com/
特定非営利活動法人結人の紬,http://www.yuto-tsumugi.net
特定非営利活動法人おおむた障害者応援センター,http://www.nposos.com
特定非営利活動法人大牟田市障害者協議会,http://www.hotkan.jp/
特定非営利活動法人大牟田・荒尾炭鉱のまちファンクラブ,http://www.omuta-arao.net/
特定非営利活動法人村のぱん屋・SUN,http://panya-sun.com/
特定非営利活動法人森の学校,https://morinogakkou.wixsite.com/morinogakkou
特定非営利活動法人丘の上の街,https://www.okanoue-match.jp
特定非営利活動法人アイアートレボ,http://www.iartrevo.com/
ＮＰＯ百千鳥,http://www.momochodori.org
ＮＰＯ法人福岡教育サポート,http://fukusapo.wixsite.com/fukusapo
ＮＰＯ法人福岡被災地前進支援,http://zenshinshien.jp/
特定非営利活動法人廃棄物地盤工学研究会,http://gw.kyushu-u.ac.jp
NPO法人BSケア,https://bscare.net/
特定非営利活動法人マザーズドリーム,https://mothers-dream.org
特定非営利活動法人　ＮＰＯ慧燈,http://ww7.tiki.ne.jp/~intuji/
特定非営利活動法人　さが市民活動サポートセンター,https://sagasp-cen.com/
特定非営利活動法人　佐賀県地域生活支援ネットワーク,http://blog.canpan.info/fukuichi/
特定非営利活動法人  吉野ヶ里,http://yoshinogari-nanairo.com
ＮＰＯ法人　ソレイユ・ヴェルプレット,https://fcsoleil2007.amebaownd.com/
特定非営利活動法人　とす市民活動ネットワーク,https://www.npo-tosunet.org
特定非営利活動法人　風のつばさ,http://www.kazenofukuoka.jp/
特定非営利活動法人　佐賀県腎臓病協議会,http://www.sazinkyo.com
特定非営利活動法人　笑顔いっぱい,http://egao-ippai.jp
特定非営利活動法人　きゃんどるハート,https://candle-heart.com/
特定非営利活動法人唐津Farm＆Food,https://karatsu-f-f.com/
特定非営利活動法人　ロバの会,http://robanokai.web.fc2.com/
特定非営利活動法人　すてっぷあっぷ,http://www.geocities.jp/stepup1161/
特定非営利活動法人　きらめき,http://linokirameki.bsj.jp/
特定非営利活動法人　フロンティア,http://frontier.issyoni.com
特定非営利活動法人　昴,http://subaru27npo.wixsite.com/nfbs
特定非営利活動法人　ライフ,https://life-nagasaki.jimdofree.com/
特定非営利活動法人　環境保全教育研究所,http://henchikurin-2010.org
ＮＰＯ法人　ＮＥＸＴＥＰ,http://nextep-k.com
ＮＰＯ法人　あじ菜工房,https://peraichi.com/landing_pages/view/ajisaikoubou
ＮＰＯ法人　熊本県海難救助隊,https://www.searescue.or.jp
ＮＰＯ法人こころ・コミュニケーションの発達支援,http://cocomy.jp
NPO法人熊本オルタナティブ教育協会,https://www.facebook.com/KAE.association/
子ども　いじめ・虐待　相談センター・大分,http://bapoo.jp/
自死遺族支援ネットワーク・大分,http://npo-sunsso.net/
大分県ノルディック・ウォーク連盟,http://oita-nordicwalk.in.coocan.jp/
グッドイナフの会,http://www.hodoyoku.com
おおいた第九を歌う会,http://f-labyrinth.sakura.ne.jp/oita_dai9/oita_dai9.htm
特定非営利活動法人あなたのくうかんおおいた,https://uplace-oita.com/
ホームホスピス宮崎,https://npo-hhm.jp
ドロップインセンター,https://www.drop-in.or.jp/
みやざき教育支援協議会,https://www.npomesc.jp
Swing-By,https://www.swingby-miyazaki.com/
あなたの街の応援団,https://bottijanaiyo.com
ひむか感動体験ワールド,http://nobe-star.com
自立生活支援延岡ほほえみの会,https://hohoemi-shien.com/
うぇりんぐケアセンター宮崎,http://hp.kaipoke.biz/9f6
屋久島うみがめ館,http://www.umigame-kan.org/
屋久島エコ・フェスタ,http://www.eco-festa.jp
しをんの会,http://www1.ocn.ne.jp/~sion8/sion/Welcome.htm|
愛・あいネット,http://www.aiainet.or.jp/
じゃがいものおうち,http://www.minc.ne.jp/~npo~jaga/
健康づくりフォーラム,http://www.hp-forum.jp/
川内スポーツクラブ０１,http://sendai01.com
クリンカ鹿児島,http://www5.synapse.ne.jp/kaminokawa/contents/crinka/index.html
こころのサポートアミ,https://npo-ami.com
姶良スポーツクラブ,http://npo-asc.net/
奄美ゆいの郷,http://yui-no-sato.blogspot.jp/
いちごいち笑～明日香の家族～,http://www.npoichigoichie.or.jp/
ＮＰＯ設立・運営支援センター,http://japan-npo.com
頴娃おこそ会,https://ei-okosokai.jimdofree.com/
鹿児島２１世紀地域支援協会,http://osumiarena21.com/
豊栄ひっとべ会,http://www.gohouei.com
ｅワーカーズ鹿児島,http://www,eworkers-kagoshima.com
あまみ紬人,http://amamitumugintyu.wixsite.com/tumugintyu
グリーフサポーターズ,http://www.geocities.jp/npogrief/
森の学校楠学園,http://primary.naturalstance.jp
コスモ学院,http://www.cosmogakuin.org
想い出,https://www.sameshima-memory.com/
アジアンどっとコム,http://www.ngoasian.com/
鹿児島県マンション管理組合連合会,http://www.kakanren.com
人・自然の南風,http://hito-shizen.com/
Ryouiku Circleはなはな,http://hanahana.offmaehara.com/
鹿児島県ＮＰＯ事業協会,http://kagoshima-npo.com
なのはな倶楽部,http://soo-nanohana-club.com/
Ｌかごしま,http://el-kagoshima.net
サポートロコペリ,http://locoperi.jp/
ふう,http://www5.synapse.ne.jp/npo-fuu/
セイラビリティ奄美,http://island.geocities.jp/sailamami/index.html
南の太陽,http://www.minaminotaiyo.co.jp/
Ｌａｎｋａ,http://lanka-plus.com
陽だまり,http://www.mct.ne.jp/users/npohidamari/
ｇｌｏｂａｌ,http://npo-global.com
緑のカーテンＰｒｏｊｅｃｔ九州,http://blog.canpan.info/greencurtain/
かごしま子どもと自然研究所,https://child-nature-labo.com/
夢来郷たかくま,http://www.zenjiren.info/category6/entry8.html
わらべ詩,http://warabeuta.net/
かごしまメンタルパートナー協会,http://www.kagoshima-mp.com
ラシーネ,https://www.racinekagoshima.com/
かごしま不登校ひきこもり支援ひまわり,https://www.himawari-kagoshima.net/
北斗会,https://hokutokai.org/
南日本口腔機能支援研究会,https://www.facebook.com/NPOSOFI/
かごしまコネクションズ,http://kagoshima-connections.jimdo.com
よろん出産子育て応援隊あんまぁ～ず,https://yoronanmas.wixsite.com/mama
特定非営利活動法人　こども地球キャラバン,https://www.kidsearthcaravan.com/
特定非営利活動法人よみたん自然学校,https://yomitan-ns.org
特定非営利活動法人アンビシャス,http://www.ambitious.or.jp/
特定非営利活動法人アメラジアンスクール・イン・オキナワ,http://amerasianschoolokinawa.org
特定非営利活動法人エイブルサポートつばさ,http://www.npo-tsubasa.okinawa
特定非営利活動法人マーズ,https://kukorimoya.jimdo.com
特定非営利活動法人海の自然史研究所,http://www.marinelearning.org/
特定非営利活動法人みのりの会,http://okinawaminorinokai.web.fc2.com
特定非営利活動法人蒸暑地域住まいの研究会,http://www.sumai.asia
特定非営利活動法人いちゃゆん会,http://chimugukuru.pupu.jp/rori/
特定非営利活動法人アートリンク,http://artlink-okinawa.net
特定非営利活動法人沖縄語学センター,http://www.okilc.org/
特定非営利活動法人まじゅんの会,http://majunnokai.com
特定非営利活動法人沖縄県脊髄損傷者協会,http://okisekikyo.com/
特定非営利活動法人沖縄スーパービジョン研究会,http://supervision.okinawa
ＮＰＯ法人消費者たすけ隊,https://www.t-toraburu.com/
特定非営利活動法人ＧＥＮＥＳＩＳ,http://npo-hpa.wixsite.com/index
特定非営利活動法人札幌市精神障害者家族連合会,http://www.sakkaren.com
特定非営利活動法人札幌室内歌劇場,http://www.opera.or.jp/
特定非営利活動法人北海道有機認証協会,http://www.acohorg.org
特定非営利活動法人自立生活センターさっぽろ,http://jvun.org/cils/
特定非営利活動法人演劇鑑賞会北座,http://enkan.life.coocan.jp
特定非営利活動法人水泳ＮＰＯ,https://www.facebook.com/水泳NPO-176561922441189/
特定非営利活動法人子どもサポートどろんこクラブ,http://doronko-club.or.jp/
特定非営利活動法人さっぽろＡＭスポーツクラブ,http://www.sapporo-am-sc.com
特定非営利活動法人ｂｕｔｕｋｕｒａ,https://butukura.org
特定非営利活動法人北海道ライフスポーツ推進協会,https://ameblo.jp/npo-h-lspa/
特定非営利活動法人ふまねっと,https://www.1to3.jp/
特定非営利活動法人北海道ダルク,http://h-darc.com
特定非営利活動法人ＢＡＫＵ,https://www.npobaku.com/
特定非営利活動法人北海道を発信する写真家ネットワーク,http://www.northfinder.jp
特定非営利活動法人北海道こんぶ研究会,http://dokei.net/konbu_npo/
特定非営利活動法人たすけあいワーカーズさくらんぼ,https://sakura.year.jp
特定非営利活動法人Ｄｉｇｉｔａｌ北海道研究会,https://dghok.com/
特定非営利活動法人北海道の地域文化を守る会,http://www.hadac.jp
特定非営利活動法人みなぱ,http://minapa.or.jp/
特定非営利活動法人ワールド　ユース　ジャパン,http://www.worldyouthjapan.org/
特定非営利活動法人国際公衆衛生支援機構,http://www.ipha.jpn.org/
特定非営利活動法人訪問型フリースクール漂流教室,http://hyouryu.com/
特定非営利活動法人猫と人を繋ぐツキネコ北海道,http://tsukineko.net/
特定非営利活動法人遊び屋本舗,https://asobiyahonpo.net/
NPO法人北海道自然保護狩猟者連盟,http://npo-hrc.com
特定非営利活動法人ポロクル,https://porocle.jp/
特定非営利活動法人ＡＬＬ　ＧＲＯＷ,http://all-grow.jp/
特定非営利活動法人スポーツクラブミラクルズ,https://www.pagoda-sports.net/
特定非営利活動法人北海道ブラインドサッカー協会,http://hb-soccer.jp
特定非営利活動法人ほっかいどうタンポポ,http://hokkaidoutanpopo.g.dgdg.jp/
特定非営利活動法人ＳＥＭＩさっぽろ,https://semi-sapporo.com/
特定非営利活動法人住宅支援相談センター,http://juutakushien.com
特定非営利活動法人市民と科学技術の仲介者たち,https://mecst.org/
特定非営利活動法人ココロにハルを,https://koko-haru.org
特定非営利活動法人　麦の会,http://www.muginokai-koppe.com
特定非営利活動法人介護の社会化を進める一万人市民委員会宮城県民の会,http://www.ichimannin.com/
特定非営利活動法人杜の伝言板ゆるる,http://www.yururu.com/
特定非営利活動法人　みやぎセルプ協働受注センター,https://www.miyagi-selp.org
特定非営利活動法人エコワーク実践塾,https://ecowork-solar33.webnode.jp/
特定非営利活動法人　あいの実,http://ainomi.com
特定非営利活動法人　学割ｎｅｔ,http://www.gakuwarinet.com
特定非営利活動法人ブレストケアｅジャパン,http://fields.canpan.info/organization/detail/1024108159
特定非営利活動法人自然農食みやぎ,https://shizennousyoku.jimdofree.com/
特定非営利活動法人みやぎ発達障害サポートネット,http://mddsnet.jp/
特定非営利活動法人艮陵協議会,http://www.gonryo.com/
特定非営利活動法人　働くお母さんと子どもを支援する会,http://kidsbase.jp/
特定非営利活動法人どんぐりの森,https://aonenokuma.jimdo.com/
特定非営利活動法人日本・ネパール文化交流倶楽部,http://japanxnepal-club.com/
特定非営利活動法人仙台中田スポーツクラブ,http://www.nakada-fc.com/
特定非営利活動法人森の学校,http://morinogakko.net/
特定非営利活動法人　スポーツ医科学ネットワーク,https://www.facebook.com/nponsms
特定非営利活動法人ぞうさんの家,http://zousannoie.jimdo.com
特定非営利活動法人つながりデザインセンター,http://www.tsuna-cen.com
特定非営利活動法人フォリクラッセ宮城,https://www.footballnavi.jp/fuoriclasse/
特定非営利活動法人スマートエンバイロメンタルソリューションズ研究所,http://seslab.jp/tohoku/
特定非営利活動法人燈の会,https://peraichi.com/landing_pages/view/tomoshibinokai
特定非営利活動法人ケア・ハンズ,https://carehands1995.jimdo.com
特定非営利活動法人食育研究会Ｍｏｇｕ　Ｍｏｇｕ,http://mogumogu.net/
特定非営利活動法人愛風,http://www.npoaiai.org/
特定非営利活動法人埼玉ＩＴコーディネータ,https://nposai.saitama-itc.org
特定非営利活動法人あけぼの会,http://akebonokai.wixsite.com/akebonokai
特定非営利活動法人埼玉県少年少女囲碁協会,https://igokyoukai.exblog.jp/
特定非営利活動法人さいたまシニアライフアドバイザーの会,http://saitama-sla.at.webry.info
特定非営利活動法人ふぁみりぃＫ,http://family-k.org
特定非営利活動法人障害者在宅事業グループ,http://zaitaku-group.com/index.html
特定非営利活動法人空き家対策協会,https://www.npoakiya.jp/
特定非営利活動法人ガベルサポーターズ,https://www.gavel-supporters.com/
特定非営利活動法人スポーツみらいLab,https://www.miralabnpo.org
特定非営利活動法人ＫＨＪ埼玉けやきの会家族会,http://khj-keyaki.com
特定非営利活動法人学童保育おおみや,https://versus-gakudouoomiya.ssl-lolipop.jp/
特定非営利活動法人市民の患者学研究会,http://www.saitamacity-support.jp/gnks13/mypage/mypage_contact.php?gid=G0000335
特定非営利活動法人ＳＢ．Ｈｅａｒｔ　Ｓｔａｔｉｏｎ,http://sbheartstation.com/
特定非営利活動法人子ども劇場千葉県センター,http://chiba.gekijou.org/
特定非営利活動法人ちば市民活動・市民事業サポートクラブ（通称：ＮＰＯクラブ）,http://www.npoclub.com
特定非営利活動法人千葉県少年野球連盟,http://www.chibaboysbaseball.org/index.html
特定非営利活動法人千葉中央おやこ劇場,http://ccoyako.pupu.jp/
特定非営利活動法人京葉インターナショナルスポーツ倶楽部（通称：京葉ＩＳＣ）,https://inage-itc.com/
特定非営利活動法人ちば森づくりの会,http://www.chiba-moridukuri.org/
NPO法人お産子育て向上委員会,https://osan-kojo.com/
特定非営利活動法人地域創造ネットワークちば,http://blog.canpan.info/souzounet/
特定非営利活動法人銀河舎,http://gingasya.com/
特定非営利活動法人千葉県スケート連盟（通称：ＳＫＡＴＥ－ＣＨＩＢＡ）,http://skate-chiba.com
特定非営利活動法人コミュニティケア街ねっと,https://www.ccmachinet.com/
特定非営利活動法人千葉大学環境ＩＳＯ学生委員会,http://npo.chiba-univ.net/
特定非営利活動法人千葉市老人福祉施設協議会,http://www.chibashi-kaigo.org
ＮＰＯ法人市民後見センターすまいる,http://www.nposmile.net/
ＮＰＯ法人しごと自由社,http://www.shigotojiyusha.org
特定非営利活動法人６時の公共,http://pm6lp.org
特定非営利活動法人Kemigawa Marine Club,http://www.kmclub.net/
NPO法人生体機能探査推進機構,https://biofunctional.or.jp
ＮＰＯ法人ＡＩ開発推進協会,https://sites.google.com/deepaelurus.com/aboutus/
特定非営利活動法人サクラテンペスタ,https://sakura-tempesta.org/
特定非営利活動法人ハートキッズ・ジャパン,https://www.heartkidsjapan.com/
特定非営利活動法人　たすけあいあさひ,http://tasukeaiasahi.or.jp/
特定非営利活動法人　神奈川海難救助隊,http://www.kanagawamr.org/
特定非営利活動法人　ふれあいドリーム,http://fureai-dream.sakura.ne.jp
特定非営利活動法人　ワーカーズ・コレクティブたすけあい戸塚,https://tasukeai-totsuka.com/
特定非営利活動法人　まちづくり情報センターかながわ,http://alice-center.jp/
特定非営利活動法人　横浜エルダーカンパニー,https://blog.goo.ne.jp/yokohamaelder
特定非営利活動法人  港南たすけあい心,http://www.tasukeaikokoro.com/
特定非営利活動法人　よこはま里山研究所,https://nora-yokohama.org
特定非営利活動法人  ワーカーズ・コレクティブたすけあい磯子,http://www.npotasukeaiisogo.jp/
特定非営利活動法人　おもしろ科学たんけん工房,http://www.tankenkobo.com
特定非営利活動法人  ＷＥ２１ジャパンみどり,http://we-midori.jimdo.com/
特定非営利活動法人  横浜マック,http://yokohama-mac.blue.coocan.jp/index.htm
特定非営利活動法人　ノエル,http://hijirihoikuen.com/index.html
特定非営利活動法人　エスペランサ・スポーツクラブ,http://esperanza-sc.com
特定非営利活動法人  神奈川子ども未来ファンド,https://www.kodomofund.com/
特定非営利活動法人  日本アウトフィットネス協会,http://www.outfitness.jp/
特定非営利活動法人　つばき駅前保育園,http://www.tsubaki-hoikuen.jp
特定非営利活動法人  ＩＴＣ横浜,http://www.itcy.or.jp
特定非営利活動法人 　Ｉ　Ｌｏｖｅ　つづき,https://webyoko.com/ilt/
特定非営利活動法人　横浜シュタイナー学園,https://yokohama-steiner.jp/
特定非営利活動法人　ＡＩＤＳネットワーク横浜,http://www.netpro.ne.jp/~any/
特定非営利活動法人　横浜上大岡臨床心理センター,http://kamioookasinri.org
特定非営利活動法人　みのりサポート,http://www.minorisupport.com/
特定非営利活動法人　エンパワメントかながわ,http://npo-ek.org/
特定非営利活動法人　胸部腫瘍臨床研究機構,http://www.torg.or.jp/
特定非営利活動法人　日本語・教科学習支援ネット,http://nihongoshien.la.coocan.jp/nihongodaisuki/
特定非営利活動法人　横浜草の実会,http://sheep-hoikusho.com
特定非営利活動法人　みんなのまちづくりクラブ,https://www.kamiyabecc-npo.jp/
特定非営利活動法人　こらぼネット・かながわ,http://www.kana-sisetu.jp
特定非営利活動法人　ろばと野草の会,http://robatoyaso.jimdo.com
特定非営利活動法人　ＰＤＤサポートセンター　グリーンフォーレスト,https://www.pdd-gf.jp/
特定非営利活動法人　グリーンママ,https://green-mama.org/
特定非営利活動法人　アース・エコ,http://www.npo-earth-eco.com/
特定非営利活動法人　横浜プランナーズネットワーク,https://www.yokopla.or.jp
特定非営利活動法人　ノーマライゼーションをすすめる会　Ｔｅａｍ　Ｏｌｉｖｅ,https://www.denenkougei2020.com
特定非営利活動法人　ＩＴスキルサポートフォーラム,http://npoisf.com/
特定非営利活動法人　よつ葉の会,http://yotsuba.eco.cococan.jp
特定非営利活動法人　横浜ＮＧＯネットワーク,http://ynn-ngo.org/
特定非営利活動法人　木の実の会,https://atelier-kinomi.jimdo.com/
特定非営利活動法人　木々の会,http://kiginokai.wp.xdomain.jp/
ＮＰＯ法人 りんぐりんく,http://ring-link.org/
特定非営利活動法人　横浜市精神障がい者就労支援事業会,http://www.y-ssj.com/
NPO法人　風の音,http://kazenooto.org/
特定非営利活動法人　横浜子育て支援グループぽっけ,https://www.pokke-hiroba.com
特定非営利活動法人　シャーロックホームズ,http://sherlock.jp/
ＮＰＯ法人　ミニシティ・プラス,http://minicity-plus.jp/
ＮＰＯ法人　中途障害者地域活動センター元気かい泉,http://genkikaiizumi.la.coocan.jp/
特定非営利活動法人　オープンソースソフトウェア・シティ,http://oss-city.or.jp/
特定非営利活動法人　横浜市視覚障害者福祉協会,http://www.hamasikyo21.org/
特定非営利活動法人　港北コアラ,http://kaigohokentaxi.com/kouhoku
特定非営利活動法人　かもめあゆみの会,http://users.kamome.jp/hoikuen/
特定非営利活動法人　横浜ガストロノミ協議会,https://www.yokohamagastronome.com/
特定非営利活動法人　Ｆ＆Ｈ,http://npo-fandh.com/
特定非営利活動法人　スリーＡ,http://three-a.org/
特定非営利活動法人　インフォメーションギャップバスター,https://www.infogapbuster.org/
特定非営利活動法人　りんご会,http://www.ringo1998.com
ＮＰＯ法人　ＷｏｏＭｏｏ,https://www.npo-woomoo.com/
特定非営利活動法人　よこはま成年後見つばさ,https://www.yokohama-tubasa.org
特定非営利活動法人ＳＨＩＰ,http://www.ship-web.com/
特定非営利活動法人ぐるっと緑道,https://guruttoryokudo.jp/
特定非営利活動法人　アーモンドコミュニティネットワーク,https://npoacn.or.jp
特定非営利活動法人神奈川歴遊クラブ,http://rekiyu.jimdo.com
ＮＰＯ法人あっちこっち,https://www.acchicocchi.com/
特定非営利活動法人　スローレーベル,http://www.slowlabel.info/
ＮＰＯ法人ＳＵＮファミリー,http://www.npo-sun.sakura.ne.jp/index.html
ＮＰＯ法人愛恵会,http://mmhouse.holy.jp/
特定非営利活動法人減災教育普及協会,http://www.gensai.or.jp
特定非営利活動法人　笑顔,https://rokumeikan-icomnet.com/egao-cate/
ＮＰＯ法人ホットライフ,http://hotlife-mamamori.com
特定非営利活動法人　よりそいサポート・ネットワーク,https://yorisoi.info/
特定非営利活動法人　いーぷらす,https://noah-noah-2016.com/
特定非営利活動法人　フラットハート,https://www.flatheart.or.jp
特定非営利活動法人　和のお手当て会,http://cranio.uminoie.org/
特定非営利活動法人　Ｕｍｉのいえ,http://uminoie.org
特定非営利活動法人　プレイフルキッズあざみ野,http://www17.plala.or.jp/pfkids_azamino/index.html
特定非営利活動法人サードプレイス,https://www.n-thirdplace.com/
特定非営利活動法人ホスピタリッチ,https://www.adhd-coach.org
特定非営利活動法人横浜日独協会,http://jdgy.sub.jp/
特定非営利活動法人ケアサポート紬,https://www.tsumugi-npo.com
特定非営利活動法人横浜スケートボード協会,https://yokohama-skateboard.org/
特定非営利活動法人リンクトゥミャンマー,https://www.npoltm.org
特定非営利活動法人アドラーよこはま,https://adleryokohama.jimdo.com
特定非営利活動法人Small Step,https://smallstep.yokohama/about/
特定非営利活動法人虹色のたね,http://www.npo-nijiiro.org
特定非営利活動法人まちづくりエージェントＳＩＤＥ　ＢＥＡＣＨ　ＣＩＴＹ．,https://sbc.yokohama/
特定非営利活動法人健康サポートフィット,https://kenkousupportfit.amebaownd.com
特定非営利活動法人日野タグ連盟,https://yokohamahinotag.wixsite.com/yhtc2018
ＮＰＯ法人宮ノマエストロ,https://miyanomaesutoro.amebaownd.com/
特定非営利活動法人災害時こどものこころと居場所サポート,https://www.facebook.com/saigaikodomokokoro/
特定非営利活動法人横浜山手アーカイブス,http://www.bluff.yokohama
特定非営利活動法人デートDV防止全国ネットワーク,https://notalone-ddv.org/
特定非営利活動法人ダンスライフコミュニケーションズ,https://dlc.themedia.jp/
特定非営利活動法人まなひろ,https://www.yuuei.yokohama
ＮＰＯ法人つなぐ,http://npo-tunagu.org/
ＮＰＯ法人　扉,https://npo-tobira.wixsite.com
ＮＰＯ法人ＪＥＣＫ,http://www.jeck.jp
ＮＰＯ法人すぽーつびと,http://sportsbito.com/
ささえあいＬｉｎｋ－Ａｇe,http://link-age.org
特定非営利活動法人フードバンク浜っ子南,https://www.fbh-minami.org
ＮＰＯ法人　かながわ３１１ネットワーク,https://kanagawa311.net/
特定非営利活動法人  川崎外出支援センター,http://www.kgsc.or.jp
特定非営利活動法人　かわさき自然調査団,http://kanrac.org/
特定非営利活動法人　川崎市重度身体障害者の会,http://www.carevista.jp/
特定非営利活動法人　産業・環境創造リエゾンセンター,http://www.lcie-npo.jp/
特定非営利活動法人　施設運営管理センター,http://npo-sukc.sakura.ne.jp/
特定非営利活動法人　かわさき創造プロジェクト,http://kawasaki-sozo.net/
特定非営利活動法人　アクト川崎,http://actkawasaki.com/
特定非営利活動法人　セルフ・カウンセリング普及協会,http://www.self-c.jp
特定非営利活動法人　いっぽいっぽ,http://w01.tp1.jp/a241052401
特定非営利活動法人　空とぶ森,https://www.facebook.com/soratobumori/
特定非営利活動法人　ぺりの邑,http://perinomura.org/
特定非営利活動法人　夢屋,http://yumeya.fan.coocan.jp/
ＮＰＯ法人　子育て支えあいネットワーク満,http://www.man-kawasaki.org/
特定非営利活動法人  日本フリークライミング協会,https://freeclimb.jp/
NPO法人　くるみ－来未,http://kuruminaoto.org/
特定非営利活動法人水・防災機構,https://swcdpo.jpn.org/top.html
特定非営利活動法人科学実験教室サポーター・くじら,http://kujirascience.web.fc2.com/
特定非営利活動法人　ザ・事務方,http://za-jimukata.work/
特定非営利活動法人　川崎寺子屋食堂,http://terakoya.or.jp
ＮＰＯ法人　あいけあ,https://www.icare-carepy.com
特定非営利活動法人　国民の健康と生活を守る会,http://web-k.jp/koku.ken.sei/
特定非営利活動法人鹿島田・新川崎まちづくりの会,https://shinkawasaki.jimdofree.com/
特定非営利活動法人　気象と地域防災フォーラム,https://mardip.jpn.org/mardip_top.html
特定非営利活動法人　劇団バンブー,https://theatrebamboo.wixsite.com/theatrebamboo2021
特定非営利活動法人　障がい者ダイバーシティ研究会,http://www.ddjobs.jp/
特定非営利活動法人  ＷＥ２１ジャパン相模原,http://we21japan-sagamihara.com/
特定非営利活動法人　愛夢,http://npoaime.sakuraweb.com/
特定非営利活動法人　みどりのお医者さん,http://www.greendoctor.jp/
特定非営利活動法人　畑と田んぼ環境再生会,https://hatake-tanbokankyo.org
特定非営利活動法人　自遊の広場,https://jiyuunohiroba.com
特定非営利活動法人　相模原市サッカー協会,http://www.sagamihara-fa.com
特定非営利活動法人　ほっと,http://www.hotto.or.jp/
特定非営利活動法人　相模原市ラグビーフットボール協会,http://www.s-rugby.net/NewHP/index.html
特定非営利活動法人　ありのまま舎,http://www.arinomamasha.or.jp/
特定非営利活動法人　ままのりあ,http://www.mamanoria.or.jp
特定非営利活動法人　フリースクール鈴蘭学園,http://www.fs-suzuran-gakuen.org/
NPO法人　さがみこども福祉会,http://sagamikodomo.jp
特定非営利活動法人水と健康協会,http://www.npo-aha.org/
特定非営利活動法人新潟西地区高齢者パソコン友の会,https://pctomowest.blogspot.com
特定非営利活動法人ワーキングウイメンズアソシエーション,https://www.wwa-n.com/
ＮＰＯ法人にいがた・オーティズム,http://www.niigata-autism.jp/
特定非営利活動法人新潟の科学・自然探偵団,https://nikst.jimdofree.com
特定非営利活動法人しろやまの会,http://park6.wakwak.com/~shiroyama/
特定非営利活動法人新潟ねっと,http://niigatanet.wix.com/niigata-net
特定非営利活動法人みらいびらきLａｂｏ,http://m-lab.main.jp/lab/
特定非営利活動法人新潟ＮＰＯ協会,http://nan-web.jimdo.com/
特定非営利活動法人環境芸術ネットワーク,http://www2u.biglobe.ne.jp/~honnamik/
特定非営利活動法人清水障害者サポートセンターそら,http://n-sora.org/
特定非営利活動法人静岡犯罪被害者支援センター,http://www.shizuoka-hhsc.jp
特定非営利活動法人清水港ヨット協会,http://www4.tokai.or.jp/sya/
特定非営利活動法人静岡ビジネスサポートセンター,http://www.facebook.com/nposhizuokabusinesssc
特定非営利活動法人バディー,http://www.npo-buddy.net/
特定非営利活動法人ほうむ・べいす,https://common-space.jp
特定非営利活動法人発達相談室モモ,http://npomomo/sakura.ne.jp
特定非営利活動法人静岡市障害者協会,http://www4.tokai.or.jp/shizu-shokyo/
特定非営利活動法人静岡団塊創業塾,https://www.dankai.org/
認定特定非営利活動法人静岡県ライフセービング協会,http://www.shizuoka-la.com
ＮＰＯ法人ホスピタル・プレイ協会　すべての子どもの遊びと支援を考える会,https://hps-japan.net/
特定非営利活動法人NPOサポート・しみず,http://nsp.shimizu-s-center.org/
特定非営利活動法人ぴゅあ,https://pure2011pure.org/
特定非営利活動法人カレーズの会,https://www.karez.org/
特定非営利活動法人しずおか障がい者フライングディスク協会,http://www2.tokai.or.jp/pfa-S/
特定非営利活動法人今川さん製作委員会,http://imagawasan.com/
特定非営利活動法人しずおか水土里支援機構,http://www.sizdoren.jp/npo_midori/index.html
NPO法人その小さないのち守りたいプロジェクト,https://inochiproject.jimdo.com
NPO法人静岡市観光ボランティアガイド駿府ウエイブ,http://www.sumpuwave.com
浜松ＮＰＯネットワークセンター,http://www.n-pocket.jp/
ブッダ基金,https://buddha-f.org/
認定NPO法人 魅惑的倶楽部,https://exoticclub.jimdofree.com
がんばらまいか佐久間,http://www.npo-sakuma.net.jp
すだち,http://www.npo-sudachi.com
浜松政令市医師会,http://www.hamamatsucity-ma.jp/
えんしゅう生活支援net,https://ensyuussn.wixsite.com/ensyuussn
まちづくりネットワークＷＩＬＬ,https://willmisakubo.jimdo.com/
はままつ未来会議,http://hamamatsu-diorama.com/
アイ・アイ,http://npo-totomi.org/
旧鈴木家跡地活用保存会,http://www.mangoku-park.com
ITOE,https://www.itoe.jp
特定非営利活動法人　光量子医学推進機構,https://ipoqpm.jimdosite.com/
たすけあい名古屋,http://tasukeainagoya.com/
中部リサイクル運動市民の会,http://www.es-net.jp
名古屋おやこセンター,http://www.oyakocenter.nagoya
アイキャン,https://ican.or.jp/
世界劇場会議名古屋,http://www.itc-nagoya.com/
ボランタリーネイバーズ,http://vns.or.jp/
外国人医療センター,https://npomica.jimdo.com/
ボラみみより情報局,http://www.boramimi.com/
あたたかい心,http://atatakai-kokoro.or.jp/
つくし,http://tukusi.org/
子育ち・子育て支援ＮＰＯたんぽぽ,http://npo.tanpopo.web.fc2.com/
ドリーム,http://npo-dream.org/
いっぽハウス,https://kwsnf168.wixsite.com/ippohs
伊勢湾フォーラム,http://www.isewanforum.org/
セーブアフガンチルドレンの会,http://www.katch.ne.jp/~s-tanida/
ポパイ,http://mo-ya-co.info
人財育成支援ネット,https://www.jinzai-net.org/
愛実の会,https://www.aminokai.com/
MERI Japan,https://www.merijapan.org
WinWin育成協会,https://npo-winwin.net/
葡萄の木,http://apple-tree.chu.jp
おひさま保育園,https://www.ohisama.cc/
ヒューマン・ライジング,http://www.humanrising.or.jp
日本なわとびプロジェクト,http://jjrp.jp
あなたの声,http://anatanokoe.sakura.ne.jp
リバイブ,http://revive-lib.com
幸せつむぎ,http://shiawasetsumugi.org
障がい者支援センター金山,http://www.shogaishien-c-knym.jp/
NU-Medイニシアティブ,http://www.nu-med.jp
ふじこども自然学校,http://fujikodomo.org/
愛らんど,http://www.ailandnpo.com
桶狭間まちづくりと桶狭間古戦場を保存する会,http://okehazama.net
成年後見もやい,https://seinenkoukenmoyai.net
つなぐ人材育成支援協会,https://tsunagujinzai.jimdofree.com
After the Rain,https://aftertherain-japan.org/
メイド・イン・ジャパン・プロジェクト,https://madeinjapanproject.org/
Nagoya Ryugakusei Net,https://nagoyaryunet.org
特定非営利活動法人無施肥無農薬栽培調査研究会,https://muhiken.or.jp/wp/
特定非営利活動法人京都教育サポートセンター,http://ksce.jpn.org/
特定非営利活動法人法律専門秘書教育協会,http://www.choikiki.com/jpea/profile.html
特定非営利活動法人京町家再生研究会,http://www.kyomachiya.net
特定非営利活動法人なごみ,http://www.nponagomi-npo.com/
特定非営利活動法人京都龍馬会,http://www.ryoma-kyoto.jp/
特定非営利活動法人京の農・園芸福祉研究会,https://kyounoenngeifukusi.jimdo.com/
特定非営利活動法人京都フィルハーモニー室内合奏団,http://kyophil.com/
特定非営利活動法人学習開発研究所,http://www.u-manabi.org/
特定非営利活動法人快適な排尿をめざす全国ネットの会,https://www.hainyo-net.org/
特定非営利活動法人ふれあい吉祥院ネットワーク,http://www.facebook.com/npofkn
特定非営利活動法人教育研究機関化学物質管理ネットワーク,http://www.kyokanet.jp/
特定非営利活動法人麗山,http://reizankanon.web.fc2.com/
特定非営利活動法人コンサウェル,https://npo-csw.org/
特定非営利活動法人京都割れ窓理論実践委員会,https://www.facebook.com/kyotowaremadoriron/
特定非営利活動法人依存学推進協議会,http://www.izongaku.org/
特定非営利活動法人京都市地域ＩＴアドバイザー会,http://cita.jp
特定非営利活動法人ゆに,https://www.unikyoto.com/
特定非営利活動法人障碍者芸術推進研究機構,http://tensai-art.kyoto
特定非営利活動法人ＨＥＲＯＥＳ,https://www.762npo.jp/
特定非営利活動法人ＳＥＥＤきょうと,http://seedkyoto.net/
特定非営利活動法人きずな福祉会,http://kizunahukusikai0927.wixsite.com/kizuna
特定非営利活動法人古都ねこくらぶ,https://kotonekoclub.org/
特定非営利活動法人京都ホームシェアリングクラブ,https://kyotohomesharingclub.org
特定非営利活動法人大阪ＮＰＯセンター,http://www.osakanpo-center.com/
緑の地球ネットワーク,http://gen-tree.org
特定非営利活動法人国産材住宅推進協会,http://www.kokusanzai.org
特定非営利活動法人関西ナショナル・トラスト協会,http://www.kanta.asia/
特定非営利活動法人大阪精神医療人権センター,https://www.psy-jinken-osaka.org/
特定非営利活動法人釜ヶ崎支援機構,http://www.npokama.org/
特定非営利活動法人広報写真ボランティア,http://photonpo06.s2.weblife.me
特定非営利活動法人プール・ボランティア,https://www.pool-npo.or.jp/
特定非営利活動法人日本森林ボランティア協会,http://www.npomori.jp/
特定非営利活動法人国際ビフレンダーズ大阪自殺防止センター,http://www.spc-osaka.org/
特定非営利活動法人ぱだ,http://www.taminzoku.com/pada
特定非営利活動法人大阪環境カウンセラー協会,http://www.osaka-eca.org/
特定非営利活動法人西日本がん研究機構,http://www.wjog.jp
特定非営利活動法人ボランティア労力ネットワーク,http://v-rounet.sakura.ne.jp
特定非営利活動法人全国視覚障害者情報提供施設協会,http://www.naiiv.net/
特定非営利活動法人日本ベジタリアン協会,http://www.jpvs.org/
認定特定非営利活動法人障害者放送通信機構,https://www.medekiku.jp
特定非営利活動法人キャズ,http://cas.or.jp/
特定非営利活動法人大阪自然史センター,http://www.omnh.net/npo/
ＮＰＯ法人御堂筋・長堀２１世紀の会,http://midousuji・nagahori21.co.jp
特定非営利活動法人安全安心科学アカデミー,http://www.anshin-kagaku.com/
特定非営利活動法人ノウハウ会,https://peraichi.com/landing_pages/view/knk-top/
特定非営利活動法人障害者の福祉を進める会みなと,http://www.peerminato.com/
特定非営利活動法人ナック（ＮＡＣ）,https://www.npo-nac.jp
特定非営利活動法人シニア自然大学校,http://www.shizen-daigaku.jp
特定非営利活動法人大阪活性化推進総研,http://npo-odi.life.coocan.jp
特定非営利活動法人江口の里,http://www.egutinosato.com/index.htm
特定非営利活動法人日本ダイバージョナルセラピー協会,https://dtaj.or.jp
特定非営利活動法人ヘルスケアネットワーク,http://www.ochis-net.jp/
特定非営利活動法人自立生活センター・おおさかひがし,http://osaka-higashi.com/
特定非営利活動法人Ｊ.ＰＯＳＨ,http://www.j-posh.com/
ＮＰＯ法人クラシックファンのためのコンサート,http://www.classicfan.jp/
ＮＰＯ法人あそびのお部屋シュッポッポ,http://shuppo.net/
特定非営利活動法人ハートフル都島,https://tekindo.jimdo.com/
ＮＰＯ法人関西骨髄バンク推進協会,https://kansaikyokai.jp
特定非営利活動法人ＡＭネット,http://am-net.org/
特定非営利活動法人医薬品・食品品質保証支援センター（略称　ＮＰＯ－ＱＡセンター）,http://npo-qa.jp/wordpress/
特定非営利活動法人大阪ワッソ文化交流協会,http://wasso.net
特定非営利活動法人バイオグリッドセンター関西,http://www.biogrid.jp/
特定非営利活動法人集めて使うリサイクル協会,http://r-kyokai.org
ＮＰＯ法人ふくじゅう,http://fukujyuu0336.com
特定非営利活動法人地域生活サポートネットほうぷ,http://supportnet-houpu.com/
ＮＰＯ法人関西心理相談員会,http://kansaishinri.web.fc2.com/index.html
特定非営利活動法人人権人材ネットワーク,http://jinken-jinzai.net/
特定非営利活動法人地域文化に関する情報とプロジェクト,http://www.recip.jp
ＮＰＯ法人スマイル,https://shigoto-boshi.wixsite.com/job-star
特定非営利活動法人こえとことばとこころの部屋,http://www.cocoroom.org
特定非営利活動法人まつさく,http://www.matsusaku-group.com/
特定非営利活動法人マスターインストラクター協会,https://www.npo-ci.org
特定非営利活動法人自由空間倶楽部,https://www.facebook.com/rikio.kageyama
特定非営利活動法人ＳＡＭＧＨＡ,https://www.samgha.jp/
特定非営利活動法人Ｅｓｐｅｒａｎｚａ,http://www.npo-esperanza.jp/
特定非営利活動法人日本クリニクラウン協会,http://www.cliniclowns.jp
特定非営利活動法人障害者自立生活センター・スクラム,http://npo-scrum.com
特定非営利活動法人在日本印度商業会議所,http://icc-japan.org/
特定非営利活動法人はばたく,http://habataku.org/
特定非営利活動法人阪大理学テクノリサーチ,http://handairigaku-techno.or.jp/
特定非営利活動法人アサヒキャンプ,https://www.asahi-camp.com
特定非営利活動法人海・空・太陽,http://umisorataiyo.com/
特定非営利活動法人ぽこ・あ・ぽこ,http://pcvpoco.com/
ＮＰＯ法人子育てサポートセンター・のびのび幼児クラブ,https://nobinobi-2007.amebaownd.com/
特定非営利活動法人ピープルアクティブライフ,http://www.pal-smile.com/
ＮＰＯ法人ソレーユ,http://sarara0101.jimdo.com
特定非営利活動法人大学コンソーシアム大阪,https://www.consortium-osaka.gr.jp/
特定非営利活動法人クララ,https://ameblo.jp/klala-2006
特定非営利活動法人ほっとサポート,http://www.hot-support.org
ＮＰＯ法人オープンスペース,https://qquu8fn9k.wixsite.com/npo-openspace
特定非営利活動法人社の極,http://www.yashironokiwami.com
特定非営利活動法人えんの会,http://www.en-no-kai.com/
特定非営利活動法人ワークステージ,http://workstage.org/soskk.html
特定非営利活動法人集合住宅維持管理機構,http://www.kikou.gr.jp
ＮＰＯ法人日越関西友好協会,http://jva-k.org
ＮＰＯ法人Ｎ３,https://nnn.or.jp
特定非営利活動法人ヒットエンドラン,https://www.npo-hitandrun.com/
特定非営利活動法人持続可能なまちと交通をめざす再生塾,http://www.saiseijuku.net/
特定非営利活動法人光の友,https://npo-hikarinotomo.amebaownd.com
特定非営利活動法人近畿環境市民活動相互支援センター（略称　ＮＰＯ法人エコネット近畿）,http://econetkinki.org
特定非営利活動法人スペシャルオリンピックス日本・大阪,https://son-osaka.jp/
特定非営利活動法人ネットワーク地球村,https://www.chikyumura.org
特定非営利活動法人日本モンゴル文化経済交流協会,https://jma-k.org
特定非営利活動法人ＤＤＡＣ,http://www.adhd-west.net/
特定非営利活動法人ＳＳＤＳ,https://ssds-osaka.com/
特定非営利活動法人ツイタもん,https://tsuitamon.jp/
特定非営利活動法人こころの救急箱,http://www.cocorono99baco.or.jp
特定非営利活動法人ナポレオンフィッシュ,http://napoleonfish.jp/
特定非営利活動法人かえる,https://kaerunpo.wixsite.com
特定非営利活動法人ニューメディア人権機構,https://www.jinken.ne.jp/
特定非営利活動法人みせら,https://www.facebook.com/npomisera
特定非営利活動法人ＤxＰ,https://www.dreampossibility.com
ＮＰＯ法人日本の健康を考える会,http://npo-nihonnokenko.kakitaryu.com
ＮＰＯ法人日本血管映像化研究機構,http://npo-jviro.com/
特定非営利活動法人笑てん,https://www.shouten.or.jp/
特定非営利活動法人ＦＣＳデベロップメントインターナショナル,http://www.fcsdi.or.jp
特定非営利活動法人日本高血圧協会,http://www.ketsuatsu.net/
特定非営利活動法人大阪湾沿岸域環境創造研究センター,http://osakawan.or.jp/
特定非営利活動法人キャッチボールクラブ,https://www.catchballclub.jp
特定非営利活動法人大阪マスターズ陸上競技連盟,https://omaa.jp/
特定非営利活動法人発達障害児支援ＬＯＦ教育センター,https://www.lofkyoiku-center.com
特定非営利活動法人こころネットＫＡＮＳＡＩ,https://cocoronet-kansai.jimdofree.com
ＮＰＯ法人ＡＩＭＵ,http://arcojp.org/
ＮＰＯ法人ぽこぽらんど,https://pocopoland.jimdofree.com/
特定非営利活動法人虹色ダイバーシティ,https://nijiirodiversity.jp
特定非営利活動法人昭道館合気道連盟,http://shodokanaikido.com
ＮＰＯ法人縁遊,https://npoenjoy.com/
ＮＰＯ法人ますくまんず,http://maskmans.org/
特定非営利活動法人女性ライフワーク協会,https://jyoseilifework.net/
特定非営利活動法人日本スピリチュアルケアワーカー協会,http://jscwa.jp/
特定非営利活動法人ＤＹＥＴＩ,http://www.dyeti.or.jp/
特定非営利活動法人ＴＣＭ小児推拿協会,http://tcm-tuina.or.jp
特定非営利活動法人スキマサポートセンター,http://sukima-support.red/
特定非営利活動法人日本・インドネシア教育文化交流協会,http://www.jp-id.org
特定非営利活動法人和慧,http://npo-wakei.org/
特定非営利活動法人日本ウエルネスダーツ協会,http://www.welldarts.org
ＮＰＯ法人南大阪電脳支援集団,http://denno.fem.jp
特定非営利活動法人新共創産業技術支援機構,http://itactechno.org/
特定非営利活動法人日本オスラー病患者会,https://www.hht.jpn.com/
特定非営利活動法人地域産業支援プラザ,http://diaplaza.jp/
特定非営利活動法人育プロ,http://ikupro.jp/
特定非営利活動法人日本擦過鍼協会,https://haochiez.wixsite.com/j-sakka
特定非営利活動法人ぴあらいふ,http://www.pialife.love
特定非営利活動法人ｅｓｓｅｎｃｅ,http://www.essence-since2011.com/
特定非営利活動法人データ・ヘルスケア・イノベーションＪａｐａｎ,http://dhi-japan.com
特定非営利活動法人ＣＡＰセンター・ＪＡＰＡＮ,http://www.cap-j.net/
ＮＰＯ法人Ｓｉｌｅｎｔ　Ｖｏｉｃｅ,https://silentvoice.co.jp/
特定非営利活動法人トイボックス,http://www.npotoybox.jp/toybox/
ＮＰＯ法人美心眼鏡推進協会,http://bgp-npo.com
ＮＰＯ法人ＩＴ勉強宴会,https://www.benkyoenkai.org/
特定非営利活動法人ＭＳＩＳＫ,https://www.msisk.net
ＮＰＯ法人Ｇｉｆｔ,https://giftboxcharity.org/db/
特定非営利活動法人大阪ろう難聴就労支援センター,http://www.deaf-osaka.com/
特定非営利活動法人ネパール避難所・防災教育支援の会,http://www.nepalquake-aid.jp/
特定非営利活動法人Ｕ・Ｐ,https://www.npoup3838.com/
特定非営利活動法人つながりひろば,https://tsunagari-osaka.amebaownd.com/
ＮＰＯ法人日本ライフロングスポーツ協会,https://www.jls-association.com/
特定非営利活動法人西成チャイルド・ケア・センター,https://n-ccc.org/index.html
特定非営利活動法人日本話しことば協会,https://www.hanashikotoba.com
特定非営利活動法人心織,http://www.cocoru-dog.com
特定非営利活動法人西日本少年硬式野球協会,https://wjbba.org/
ＮＰＯ法人シャローム,https://shalomvvvv.wixsite.com/website
特定非営利活動法人自助具の部屋,https://sites.google.com/jijyogunpo.com/npojijyogu/
特定非営利活動法人ＩＡＴＨ,https://www.npoiath.org/
特定非営利活動法人黄斑変性友の会,http://amdkansai.org
ＮＰＯ法人フリーメディアｏｎｅ,http://www.one-kansai.info/
ＮＰＯ法人婚活支援の会,https://konkatsu-sien.com
ＮＰＯ法人メッターフレンズ,https://metta-f.or.jp
特定非営利活動法人アンリーブ,https://anreve0.webnode.jp/
特定非営利活動法人ＱＯＬマネジメント,https://www.qolms.com/
ＮＰＯ法人十勝・桜の山プロジェクト,https://tokachisakuranoyama.jimdofree.com/
特定非営利活動法人海未来,https://umimirai.or.jp
特定非営利活動法人Ｆｏｒ　Ｉｎｔｅｒｎａｔｉｏｎａｌ　Ｓｔｕｄｅｎｔｓ機構,https://www.4ist.org/
ＮＰＯ法人リスタート・トラベル,https://restart-travel.com
特定非営利活動法人ふらいおん,https://flyon.jp
特定非営利活動法人正心文化平和圓,https://www.happy1212.org/
特定非営利活動法人ネットワークゆう,https://yuu6276.wix.com/home
特定非営利活動法人栄友社,http://npoeiyuusha.com/
特定非営利活動法人えんぱわめんと堺／ＥＳ,https://www.npo-es.org
特定非営利活動法人ぴーす,http://p-s-sakai.net/
ＮＰＯ法人堺観光ボランティア協会,http://sakai-kanbora.org/
ＮＰＯ法人共生の森,https://www.facebook.com/npokyouseinomori/?ref=bookmarks
特定非営利活動法人みんなのＷｅｌｌ．ｎｅｔ,http://m-wellnet.org/
特定非営利活動法人関西宇宙イニシアティブ,http://www.kaspi.jp/
特定非営利活動法人福祉創造スペース貘の家,http://bakuhouse.grupo.jp
ＮＰＯ法人百舌鳥あすなろ会,http://www.geocities.jp/mozukame01
特定非営利活動法人レアレア,http://www.lealea-mahalo-hokulea.com
特定非営利活動法人高齢者福祉住環境支援機構,http://www.welfare-life.net
特定非営利活動法人日越堺友好協会,http://www.j-vfas.org
NPO法人DIPS,http://dips.center
特定非営利活動法人ふーどばんくOSAKA,http://www.foodbank-osaka.jp
特定非営利活動法人プリエール,https://npo-priere.com
ＮＰＯ法人ｋｏｋｏｉｍａ,http://kokoima.com
ＮＰＯ法人バーナビーカレッジ,http://www.burnaby-college.com/
特定非営利活動法人ハピネスチャリティー,http://hapichari.com/
特定非営利活動法人音もだち,https://oto-modachi.com/
特定非営利活動法人コドモノエガオ,https://www.kodomonoegao.net/
特定非営利活動法人しみん基金・こうべ,http://www.stylebuilt.co.jp/kikin/
特定非営利活動法人兵庫県有機農業研究会HOAS,http://www.hyoyuken.org
特定非営利活動法人神戸まちづくり研究所,http://www.kobe-machiken.org/
特定非営利活動法人福祉ネットワーク西須磨だんらん,http://danran.wp.xdomain.jp/
特定非営利活動法人東灘地域助け合いネットワーク,http://hnw.or.jp
特定非営利活動法人芸術と計画会議,https://www.cap-kobe.com
特定非営利活動法人ふぉーらいふ,http://www3.to/forlife
特定非営利活動法人阪神淡路大震災一一七希望の灯り,http://117kibounoakari.jp
特定非営利活動法人Ｓ－ｐａｃｅ,https://npo-space.com
特定非営利活動法人マリノスポーツクラブ,http://www.marinofc.jp
特定非営利活動法人神戸定住外国人支援センター,http://www.social-b.net/kfc
特定非営利活動法人おーけすとら・ぴっと,http://ok-p.info/
特定非営利活動法人みちしるべ神戸,http://www.mitisirube-kobe.com
特定非営利活動法人ピース・フォレスト,http://peaceforest.c1.biz/
特定非営利活動法人はっち,https://atcompany.jp/hatch/
特定非営利活動法人ローンボウルズ日本,http://www.bowls.jp/
特定非営利活動法人オルタナティブビレッジ,http://al-village.org
特定非営利活動法人Ｂａｓｉｃ　Ｌｉｆｅ　Ｓｕｐｐｏｒｔ　ＫＯＢＥ,http://bls-kobe.com/
特定非営利活動法人蓼の会ぐりん・どあ,http://greendoor.or.jp/
特定非営利活動法人100年福祉会,http://studio.kobe-katayama.com
特定非営利活動法人リハケア神戸,http://ippoippo.or.jp/
特定非営利活動法人東亜天文学会,http://www.npo-oaa.jp/
特定非営利活動法人PVネット兵庫グローバルサービス,http://pvnethyogo.g2.xrea.com/
特定非営利活動法人神戸猫ネット,https://www.kobenekonet.com/
特定非営利活動法人健康づくり推進機構BTB,http://kenko-btb.org/
NPO法人国際空手道連盟極真会館西岡道場,https://kyokushin-nisioka.com/
ＮＰＯ法人ホザナ・ハウス,http://hozana-house.com/
NPO法人はんしん高齢者くらしの相談室,https://www.h-kks.com
特定非営利活動法人知育ゲーム協会,https://www.facebook.com/Englishgame.Japan
特定非営利活動法人光和つくし会,http://kowatsukushikai.com
特定非営利活動法人Ｄｕｌｌ Ｂｏｉ Ａｃａｄｅｍｙ,https://nigunojuku.jp/
ＮＰＯ法人ネクストライフ,https://www.nextlifejapan.com/
特定非営利活動法人Giving Tree,https://www.givingtree.host
特定非営利活動法人エナガの会,https://enaganokai.org
特定非営利活動法人インクルひろば,https://inkuru.org
特定非営利活動法人生活安善,https://nposeikatuanzen.localinfo.jp/
特定非営利活動法人ひらく,http://npo-hiraku.org/
特定非営利活動法人兵庫県防災士会,http://hyogobousaishikai.or.jp
特定非営利活動法人SIOYA408,http://www.eonet.ne.jp/~shioya-jidokan/
特定非営利活動法人　ガジュマルの船,https://www.facebook.com/gajumaruship/
特定非営利活動法人ＫＴＯＳ,https://www.koryojidokan.com/
特定非営利活動法人ストーンサークル,https://stonecircle.jp
特定非営利活動法人こうのとりのゆりかごin関西,https://yurikago.site
NPO法人ガルーダ・ジャパンコミュニティ,https://garuda-japan-community.jimdofree.com/
桃太郎ハンズ,http://kokoro-net.org/
岡山市子どもセンター,http://www.kodomo-npo.jp
岡山NPOセンター,http://www.npokayama.org/
teamAIR,http://www.teamair.jp/
津高生活交流センター,https://t-kazenotani.amebaownd.com/
認定NPO法人子どもシェルターモモ,http://shelter-momo.org/top.html
認定NPO法人おかやま入居支援センター,http://okayama-nyukyoshien.org/
Attane,https://npo-attane.com/
岡山聴覚障害者支援センター,http://www.momohausu-okayama.com
岡山家族支援センターみらい,http://oks-mirai.jp
認定NPO法人ポケットサポート,https://www.pokesapo.com/
チャイルドラインおかやま,https://childline.or.jp/
超教育ラボラトリーInc.,https://www.city-okayama.net/
フリースペース　エル,https://www.fs-l.or.jp
コミュニティリーダー ひゅーる ぽん,https://www.hullpong.jp
NPOスポーツ　オフィス・ワン,http://www.npo-officeone.jp/
さとうみ振興会,http://www.satoumi.org/
ベトナム友の会―ヒロシマ,https://sites.google.com/view/betonamutomonokaihirosima
夢ハウス高陽,http://yumehouse-koyo.com/
広島自閉症協会,http://autismhiroshima.blog99.fc2.com
テクノレジェンド宝の山,http://tltakaranoyama.web.fc2.com/
ＨＵＧ,https://npohug.wixsite.com/npo-hug
ニート支持事業Ｒ・セクション,https://m.facebook.com/rsection0820
もりメイト倶楽部Hiroshima,http://www.morimate-ch.com/
フォルツァ　プローバ,http://www.city.hiroshima.lg.jp/site/npo-houjin/8804.html
特定非営利活動法人北九州あいの会,http://www.npo-ainokai.org/
特定非営利活動法人チャイルドケアサポートセンター,https://childcare-csc.jimdofree.com/
ＮＰＯ法人響ホール室内合奏団,http://hibikistrings-jp.jimdo.com/
特定非営利活動法人北九州市難聴者・中途失聴者協会,http://www.ksjc.jp/index.php?id=638
特定非営利活動法人北九州市大連交流協会,http://kitaq-dalian.or.jp/
NPO法人まなざし,https://www.manazashi.org/
特定非営利活動法人福岡県マンション管理組合連合会,http://www.kenfukukanren.net/
NPO法人老いを支える北九州家族の会,http://kazokunokai.com/
特定非営利活動法人北九州市の文化財を守る会,http://bunkazaiwomamoru.sakura.ne.jp/
ＮＰＯ法人自然環境定量評価研究会,http://www.teiryoken.jp/
特定非営利活動法人日本アニマルケースワーカー協会,https://www.acw2211.com/
NPO法人セーバー風・ジャパン,http://www.saverkazejapan.com
NPO法人武道の学校,https://www.junyatakaki.com/karate.html
特定非営利活動法人男女・子育て環境改善研究所,http://www.kosodate-npo.jp
特定非営利活動法人子ども文化コミュニティ,https://kodomo-abc.org
特定非営利活動法人エコ・テクル,http://www.ecotechl.com
特定非営利活動法人臨床血液・腫瘍研究会,http://www.chotsg.com/articles.html
特定非営利活動法人九州・アジア経営塾,http://www.kail2004.jp/
特定非営利活動法人バングラデシュと手をつなぐ会,https://tewotunagukai.com/
特定非営利活動法人ＮＧＯ福岡ネットワーク,https://ngofukuoka.net/
特定非営利活動法人Ｐｒｏｊｅｃｔ　Ａｒｂａｌｅｓｔ,https://www.arbalest.or.jp/
特定非営利活動法人サイエンス・アクセシビリティ・ネット,https://www.saccessnet.com/
特定非営利活動法人福岡ジョブサポート,http://www.jobsupport.org/
特定非営利活動法人グローバルライフサポートセンター,http://www.npo-global.jp/
特定非営利活動法人文化ボランティア　とびうめの会,http://www7b.biglobe.ne.jp/~npo-tobiumenokai/
ＮＰＯ法人サンシャイン・ネットワーク,http://www1.odn.ne.jp/~hogoshi/
特定非営利活動法人あゆとも福祉会,https://ayutomo.net/
ＮＰＯ法人ヘルスコーチ・ジャパン,https://health-coach.jp/
特定非営利活動法人みらいぽすと,http://miraipost.com
特定非営利活動法人心の卵,http://coco-tamago.com/
特定非営利活動法人博多ウィメンズカウンセリング,http://www.npo-hwc.com
特定非営利活動法人ライフサポート・アムリール,http://egao.kizunanet.com/
特定非営利活動法人福岡県就労支援事業者機構,https://fukuokasyuro.org
ＮＰＯ法人王道塾,https://oudoujuku-open.blogspot.com/
特定非営利活動法人この指とまれ大地の会,http://konoyubi.pce-ys.net/
特定非営利活動法人博多音楽振興会,http://www.hma.or.jp
認定ＮＰＯ法人にこスマ九州,http://nicosuma.net
特定非営利活動法人あすなろ剣道教室,https://asunarokendo.net/
ＮＰＯ法人部活ガンバ,http://npo.bukatsuganba.com/
特定非営利活動法人社会基盤技術支援協会,http://www.asit.or.jp
特定非営利活動法人あすも特注旅行班,https://asumo.fukuoka.jp/
ＮＰＯ法人福岡子どもホスピスプロジェクト,http://kodomo-hospice.com
特定非営利活動法人緩和ケア支援センターコミュニティ,http://www.kanwa-care.jp/
特定非営利活動法人アジアの子どもと女性教育基金の会,http://www.awcef.org/
NPO法人ふくおかスポーツ応援隊,https://www.facebook.com/fuku.supo.ouentai
ＮＰＯ法人ふくおか出会いサポートセンタージュノール,http://junoall.org/facilities-2/fukuoka-2
NPO法人　特別栽培農産物確認検査センター,https://tokusai.or.jp
特定非営利活動法人　熊本県難病支援ネットワーク,http://www.kumamotonanbyou-center.org/npo.html
特定非営利活動法人　熊本県骨バンク協会,http://www.k-bonebank.or.jp/index.html
